[
    {
        "user_id": "482548878",
        "operator_id": "2769731875",
        "date": "2024-08-22 16:58:51"
    },
    {
        "user_id": "2228578036",
        "operator_id": "3100396405",
        "date": "2024-09-03 14:16:55"
    },
    {
        "user_id": "3041645382",
        "operator_id": "3041645382",
        "date": "2024-09-11 20:51:53"
    },
    {
        "user_id": "3922464260",
        "operator_id": "3949721589",
        "date": "2024-09-19 22:18:29"
    },
    {
        "user_id": "2680145596",
        "operator_id": "1478782903",
        "date": "2024-09-20 09:02:01"
    },
    {
        "user_id": "1575762066",
        "operator_id": "1643451339",
        "date": "2024-09-20 11:56:04"
    },
    {
        "user_id": "3037786929",
        "operator_id": "3288390169",
        "date": "2024-09-21 16:17:18"
    },
    {
        "user_id": "1208657612",
        "operator_id": "2771974740",
        "date": "2024-09-23 07:54:11"
    },
    {
        "user_id": "2995440971",
        "operator_id": "2771974740",
        "date": "2024-09-23 07:54:33"
    },
    {
        "user_id": "2734991712",
        "operator_id": "821431952",
        "date": "2024-09-25 19:28:04"
    },
    {
        "user_id": "3066149272",
        "operator_id": "2310633588",
        "date": "2024-09-26 06:57:20"
    },
    {
        "user_id": "2965387753",
        "operator_id": "2998640639",
        "date": "2024-09-26 06:57:37"
    },
    {
        "user_id": "2673462687",
        "operator_id": "2123838218",
        "date": "2024-09-26 07:21:27"
    },
    {
        "user_id": "2439415395",
        "operator_id": "995577317",
        "date": "2024-09-26 07:23:04"
    },
    {
        "user_id": "2200912878",
        "operator_id": "1749876837",
        "date": "2024-09-26 07:23:27"
    },
    {
        "user_id": "3433166169",
        "operator_id": "2200912878",
        "date": "2024-09-26 10:59:04"
    },
    {
        "user_id": "3624098271",
        "operator_id": "489709826",
        "date": "2024-09-28 18:12:18"
    },
    {
        "user_id": "2489414657",
        "operator_id": "3516407483",
        "date": "2024-09-29 10:43:15"
    },
    {
        "user_id": "3453267274",
        "operator_id": "3949721589",
        "date": "2024-10-09 22:29:08"
    },
    {
        "user_id": "2499976135",
        "operator_id": "2397378280",
        "date": "2024-11-03 11:36:07"
    },
    {
        "user_id": "3770816430",
        "operator_id": "3770816430",
        "date": "2024-11-04 09:55:34"
    },
    {
        "user_id": "3672942215",
        "operator_id": "3857986847",
        "date": "2024-12-20 10:47:34"
    },
    {
        "user_id": "3835102337",
        "operator_id": "3857986847",
        "date": "2024-12-20 13:39:07"
    },
    {
        "user_id": "3883326445",
        "operator_id": "625868910",
        "date": "2024-12-20 13:44:59"
    },
    {
        "user_id": "3896074576",
        "operator_id": "3857986847",
        "date": "2024-12-21 00:41:39"
    },
    {
        "user_id": "3812146623",
        "operator_id": "3857986847",
        "date": "2024-12-21 11:46:01"
    },
    {
        "user_id": "3276941720",
        "operator_id": "3276941720",
        "date": "2024-12-22 21:15:23"
    },
    {
        "user_id": "264943436",
        "operator_id": "3857986847",
        "date": "2024-12-23 01:25:22"
    },
    {
        "user_id": "1489681079",
        "operator_id": "1489681079",
        "date": "2024-12-23 17:04:39"
    },
    {
        "user_id": "2918613148",
        "operator_id": "1489681079",
        "date": "2024-12-23 17:22:19"
    },
    {
        "user_id": "3876736089",
        "operator_id": "1489681079",
        "date": "2024-12-23 17:41:47"
    },
    {
        "user_id": "1132558526",
        "operator_id": "3876803628",
        "date": "2025-01-02 22:01:31"
    },
    {
        "user_id": "3884225722",
        "operator_id": "1254419410",
        "date": "2025-01-02 22:19:10"
    },
    {
        "user_id": "2601762104",
        "operator_id": "3876803628",
        "date": "2025-01-02 22:52:05"
    },
    {
        "user_id": "2128378544",
        "operator_id": "2168293410",
        "date": "2025-01-03 08:33:51"
    },
    {
        "user_id": "3823580757",
        "operator_id": "2168293410",
        "date": "2025-01-03 17:36:57"
    },
    {
        "user_id": "3880795814",
        "operator_id": "2168293410",
        "date": "2025-01-04 16:49:02"
    },
    {
        "user_id": "3139893008",
        "operator_id": "3843043382",
        "date": "2025-01-09 23:58:41"
    }
]