[
    {
        "user_id": "2494127609",
        "operator_id": "2769731875",
        "date": "2024-08-19 15:58:04"
    },
    {
        "user_id": "3351307974",
        "operator_id": "2769731875",
        "date": "2024-08-19 16:18:27"
    },
    {
        "user_id": "1628538066",
        "operator_id": "3839442438",
        "date": "2024-09-01 10:23:10"
    },
    {
        "user_id": "2446183929",
        "operator_id": "3839442438",
        "date": "2024-09-01 10:23:19"
    },
    {
        "user_id": "1260480507",
        "operator_id": "3839442438",
        "date": "2024-09-01 10:28:00"
    },
    {
        "user_id": "67202006",
        "operator_id": "3949721589",
        "date": "2024-09-05 22:34:03"
    },
    {
        "user_id": "3922464260",
        "operator_id": "3949721589",
        "date": "2024-09-05 22:34:26"
    },
    {
        "user_id": "2757995372",
        "operator_id": "3111096938",
        "date": "2024-09-11 11:19:22"
    },
    {
        "user_id": "2121402418",
        "operator_id": "3109295027",
        "date": "2024-09-11 12:22:05"
    },
    {
        "user_id": "2128685916",
        "operator_id": "3109295027",
        "date": "2024-09-11 12:22:13"
    },
    {
        "user_id": "3438853983",
        "operator_id": "2431114756",
        "date": "2024-09-11 12:33:35"
    },
    {
        "user_id": "3107211846",
        "operator_id": "1277673096",
        "date": "2024-09-11 12:34:07"
    },
    {
        "user_id": "260058883",
        "operator_id": "1749876837",
        "date": "2024-09-11 12:37:50"
    },
    {
        "user_id": "791851170",
        "operator_id": "1749876837",
        "date": "2024-09-11 12:37:57"
    },
    {
        "user_id": "2200912878",
        "operator_id": "1749876837",
        "date": "2024-09-11 12:38:04"
    },
    {
        "user_id": "2924216718",
        "operator_id": "1749876837",
        "date": "2024-09-11 12:43:21"
    },
    {
        "user_id": "3119934680",
        "operator_id": "3339748612",
        "date": "2024-09-11 12:46:11"
    },
    {
        "user_id": "2174505656",
        "operator_id": "3109295027",
        "date": "2024-09-11 12:49:46"
    },
    {
        "user_id": "3158969943",
        "operator_id": "3864879952",
        "date": "2024-09-11 12:50:23"
    },
    {
        "user_id": "3774741247",
        "operator_id": "3864879952",
        "date": "2024-09-11 12:51:34"
    },
    {
        "user_id": "2768156117",
        "operator_id": "3864879952",
        "date": "2024-09-11 12:57:00"
    },
    {
        "user_id": "2820799646",
        "operator_id": "3860999642",
        "date": "2024-09-11 13:03:24"
    },
    {
        "user_id": "1761476796",
        "operator_id": "3860999642",
        "date": "2024-09-11 13:04:10"
    },
    {
        "user_id": "1063089783",
        "operator_id": "3864879952",
        "date": "2024-09-11 13:17:51"
    },
    {
        "user_id": "3856795020",
        "operator_id": "1529824927",
        "date": "2024-09-11 13:19:13"
    },
    {
        "user_id": "1492646407",
        "operator_id": "3341857331",
        "date": "2024-09-11 13:21:00"
    },
    {
        "user_id": "1877521062",
        "operator_id": "3040713113",
        "date": "2024-09-11 13:49:59"
    },
    {
        "user_id": "2860254513",
        "operator_id": "169283701",
        "date": "2024-09-11 13:54:17"
    },
    {
        "user_id": "260346039",
        "operator_id": "2876605897",
        "date": "2024-09-11 13:58:08"
    },
    {
        "user_id": "1465187752",
        "operator_id": "2863612805",
        "date": "2024-09-11 14:10:32"
    },
    {
        "user_id": "2129861900",
        "operator_id": "1454508310",
        "date": "2024-09-11 14:19:33"
    },
    {
        "user_id": "3577967916",
        "operator_id": "1773879549",
        "date": "2024-09-11 14:45:10"
    },
    {
        "user_id": "2649679448",
        "operator_id": "2337667851",
        "date": "2024-09-11 14:56:40"
    },
    {
        "user_id": "617340570",
        "operator_id": "925201196",
        "date": "2024-09-11 15:00:25"
    },
    {
        "user_id": "2051138729",
        "operator_id": "2876605897",
        "date": "2024-09-11 15:29:30"
    },
    {
        "user_id": "393741335",
        "operator_id": "393741335",
        "date": "2024-09-11 17:00:31"
    },
    {
        "user_id": "823780321",
        "operator_id": "2844284166",
        "date": "2024-09-11 18:26:14"
    },
    {
        "user_id": "3037625561",
        "operator_id": "2134793319",
        "date": "2024-09-11 18:43:26"
    },
    {
        "user_id": "3688861578",
        "operator_id": "3688861578",
        "date": "2024-09-11 19:11:23"
    },
    {
        "user_id": "1556907808",
        "operator_id": "2844284166",
        "date": "2024-09-11 19:12:24"
    },
    {
        "user_id": "2503255483",
        "operator_id": "1062090760",
        "date": "2024-09-11 19:20:04"
    },
    {
        "user_id": "1654985128",
        "operator_id": "2042896716",
        "date": "2024-09-11 19:22:11"
    },
    {
        "user_id": "2694885265",
        "operator_id": "2042896716",
        "date": "2024-09-11 19:22:12"
    },
    {
        "user_id": "2247038171",
        "operator_id": "2042896716",
        "date": "2024-09-11 19:22:15"
    },
    {
        "user_id": "3866908757",
        "operator_id": "3030635953",
        "date": "2024-09-11 19:34:17"
    },
    {
        "user_id": "2445648328",
        "operator_id": "776806592",
        "date": "2024-09-11 19:40:11"
    },
    {
        "user_id": "3326269712",
        "operator_id": "467209632",
        "date": "2024-09-11 19:56:13"
    },
    {
        "user_id": "1474455973",
        "operator_id": "467209632",
        "date": "2024-09-11 19:57:11"
    },
    {
        "user_id": "3273518541",
        "operator_id": "3454997074",
        "date": "2024-09-11 20:10:09"
    },
    {
        "user_id": "1833449178",
        "operator_id": "3454997074",
        "date": "2024-09-11 20:15:03"
    },
    {
        "user_id": "2117727023",
        "operator_id": "3454997074",
        "date": "2024-09-11 20:15:22"
    },
    {
        "user_id": "2056103408",
        "operator_id": "2056103408",
        "date": "2024-09-11 20:26:23"
    },
    {
        "user_id": "2824746334",
        "operator_id": "2211928167",
        "date": "2024-09-11 20:26:25"
    },
    {
        "user_id": "2304351316",
        "operator_id": "3502447052",
        "date": "2024-09-11 20:29:51"
    },
    {
        "user_id": "1981823401",
        "operator_id": "3331494256",
        "date": "2024-09-11 20:30:41"
    },
    {
        "user_id": "2490564757",
        "operator_id": "2490564757",
        "date": "2024-09-11 20:31:08"
    },
    {
        "user_id": "2780883531",
        "operator_id": "1454508310",
        "date": "2024-09-11 20:35:11"
    },
    {
        "user_id": "1029430623",
        "operator_id": "3069004963",
        "date": "2024-09-11 20:57:05"
    },
    {
        "user_id": "1721801562",
        "operator_id": "3577235568",
        "date": "2024-09-11 21:01:48"
    },
    {
        "user_id": "2751564866",
        "operator_id": "775909071",
        "date": "2024-09-11 21:03:28"
    },
    {
        "user_id": "2023066577",
        "operator_id": "775909071",
        "date": "2024-09-11 21:03:28"
    },
    {
        "user_id": "2125530349",
        "operator_id": "1987067340",
        "date": "2024-09-11 21:23:04"
    },
    {
        "user_id": "3940268454",
        "operator_id": "3986097956",
        "date": "2024-09-11 21:25:52"
    },
    {
        "user_id": "3078563890",
        "operator_id": "2431114756",
        "date": "2024-09-11 21:29:23"
    },
    {
        "user_id": "1628710182",
        "operator_id": "3949721589",
        "date": "2024-09-11 21:31:09"
    },
    {
        "user_id": "3195261254",
        "operator_id": "3387265370",
        "date": "2024-09-11 21:39:12"
    },
    {
        "user_id": "50715408",
        "operator_id": "3577235568",
        "date": "2024-09-11 21:40:31"
    },
    {
        "user_id": "1366581723",
        "operator_id": "2716408896",
        "date": "2024-09-11 22:08:06"
    },
    {
        "user_id": "1844669027",
        "operator_id": "289861269",
        "date": "2024-09-11 22:09:05"
    },
    {
        "user_id": "1728935813",
        "operator_id": "2471004435",
        "date": "2024-09-11 22:09:57"
    },
    {
        "user_id": "2631145614",
        "operator_id": "3305358233",
        "date": "2024-09-11 22:21:03"
    },
    {
        "user_id": "860765419",
        "operator_id": "3305358233",
        "date": "2024-09-11 22:21:25"
    },
    {
        "user_id": "1518946746",
        "operator_id": "3305358233",
        "date": "2024-09-11 22:22:00"
    },
    {
        "user_id": "721811975",
        "operator_id": "2762707685",
        "date": "2024-09-11 22:32:53"
    },
    {
        "user_id": "851394842",
        "operator_id": "851394842",
        "date": "2024-09-11 22:50:24"
    },
    {
        "user_id": "3173132670",
        "operator_id": "5158609",
        "date": "2024-09-11 22:57:40"
    },
    {
        "user_id": "2628423493",
        "operator_id": "1923747740",
        "date": "2024-09-11 23:05:36"
    },
    {
        "user_id": "1358476647",
        "operator_id": "1923747740",
        "date": "2024-09-11 23:05:54"
    },
    {
        "user_id": "3560413319",
        "operator_id": "1923747740",
        "date": "2024-09-11 23:06:50"
    },
    {
        "user_id": "1280924747",
        "operator_id": "2875848097",
        "date": "2024-09-11 23:12:47"
    },
    {
        "user_id": "2174505922",
        "operator_id": "2667353460",
        "date": "2024-09-11 23:16:42"
    },
    {
        "user_id": "3636218133",
        "operator_id": "2562166969",
        "date": "2024-09-11 23:17:19"
    },
    {
        "user_id": "3292129935",
        "operator_id": "230726621",
        "date": "2024-09-11 23:57:20"
    },
    {
        "user_id": "3840240785",
        "operator_id": "3109295027",
        "date": "2024-09-12 06:39:22"
    },
    {
        "user_id": "2171154783",
        "operator_id": "1069359573",
        "date": "2024-09-12 07:43:46"
    },
    {
        "user_id": "1451611247",
        "operator_id": "3949721589",
        "date": "2024-09-12 07:44:13"
    },
    {
        "user_id": "2083581605",
        "operator_id": "3148735897",
        "date": "2024-09-12 08:09:50"
    },
    {
        "user_id": "846620192",
        "operator_id": "2842639975",
        "date": "2024-09-12 09:56:14"
    },
    {
        "user_id": "1157015530",
        "operator_id": "2053066536",
        "date": "2024-09-12 11:23:13"
    },
    {
        "user_id": "3572097397",
        "operator_id": "2053066536",
        "date": "2024-09-12 11:23:44"
    },
    {
        "user_id": "3386422183",
        "operator_id": "362873187",
        "date": "2024-09-12 11:25:50"
    },
    {
        "user_id": "2530686096",
        "operator_id": "3389234203",
        "date": "2024-09-12 12:26:09"
    },
    {
        "user_id": "2198705671",
        "operator_id": "1062313563",
        "date": "2024-09-12 12:31:14"
    },
    {
        "user_id": "3528393983",
        "operator_id": "1062313563",
        "date": "2024-09-12 12:31:16"
    },
    {
        "user_id": "2322559634",
        "operator_id": "1062313563",
        "date": "2024-09-12 12:35:34"
    },
    {
        "user_id": "1685503894",
        "operator_id": "1062313563",
        "date": "2024-09-12 12:37:01"
    },
    {
        "user_id": "2117832814",
        "operator_id": "1062313563",
        "date": "2024-09-12 12:39:07"
    },
    {
        "user_id": "1013550856",
        "operator_id": "3341857331",
        "date": "2024-09-12 12:43:37"
    },
    {
        "user_id": "2319543849",
        "operator_id": "954332724",
        "date": "2024-09-12 12:43:54"
    },
    {
        "user_id": "3555263053",
        "operator_id": "954332724",
        "date": "2024-09-12 12:43:55"
    },
    {
        "user_id": "1732323373",
        "operator_id": "954332724",
        "date": "2024-09-12 12:44:57"
    },
    {
        "user_id": "2530141075",
        "operator_id": "2825407964",
        "date": "2024-09-12 13:27:55"
    },
    {
        "user_id": "2120294398",
        "operator_id": "2825407964",
        "date": "2024-09-12 13:28:06"
    },
    {
        "user_id": "3330174856",
        "operator_id": "2825407964",
        "date": "2024-09-12 13:28:24"
    },
    {
        "user_id": "3453267274",
        "operator_id": "3949721589",
        "date": "2024-09-12 13:36:19"
    },
    {
        "user_id": "1211629506",
        "operator_id": "3538363985",
        "date": "2024-09-12 13:56:51"
    },
    {
        "user_id": "3345987447",
        "operator_id": "3387265370",
        "date": "2024-09-12 16:15:19"
    },
    {
        "user_id": "1641351996",
        "operator_id": "3445662261",
        "date": "2024-09-12 16:22:49"
    },
    {
        "user_id": "2671268829",
        "operator_id": "2716408896",
        "date": "2024-09-12 16:42:39"
    },
    {
        "user_id": "493007958",
        "operator_id": "1772783717",
        "date": "2024-09-12 16:47:42"
    },
    {
        "user_id": "3949468532",
        "operator_id": "1772783717",
        "date": "2024-09-12 16:49:16"
    },
    {
        "user_id": "2720317761",
        "operator_id": "289861269",
        "date": "2024-09-12 16:52:28"
    },
    {
        "user_id": "3302863069",
        "operator_id": "289861269",
        "date": "2024-09-12 16:56:06"
    },
    {
        "user_id": "1342307460",
        "operator_id": "2418952602",
        "date": "2024-09-12 16:56:23"
    },
    {
        "user_id": "2993129421",
        "operator_id": "2728785921",
        "date": "2024-09-12 16:59:26"
    },
    {
        "user_id": "1902715285",
        "operator_id": "1745986244",
        "date": "2024-09-12 17:04:22"
    },
    {
        "user_id": "3983751058",
        "operator_id": "2233142416",
        "date": "2024-09-12 17:07:23"
    },
    {
        "user_id": "1878551250",
        "operator_id": "1772783717",
        "date": "2024-09-12 17:09:47"
    },
    {
        "user_id": "2383746160",
        "operator_id": "228201563",
        "date": "2024-09-12 17:13:44"
    },
    {
        "user_id": "2862525382",
        "operator_id": "1729045187",
        "date": "2024-09-12 17:24:18"
    },
    {
        "user_id": "3557950057",
        "operator_id": "3118942245",
        "date": "2024-09-12 17:40:52"
    },
    {
        "user_id": "1759677614",
        "operator_id": "2862881899",
        "date": "2024-09-12 18:01:38"
    },
    {
        "user_id": "1412972626",
        "operator_id": "493007958",
        "date": "2024-09-12 18:03:57"
    },
    {
        "user_id": "3951001688",
        "operator_id": "1993247011",
        "date": "2024-09-12 18:20:21"
    },
    {
        "user_id": "2010798424",
        "operator_id": "1993247011",
        "date": "2024-09-12 18:20:57"
    },
    {
        "user_id": "2358118750",
        "operator_id": "2609781847",
        "date": "2024-09-12 18:21:17"
    },
    {
        "user_id": "2129656885",
        "operator_id": "2562166969",
        "date": "2024-09-12 18:33:43"
    },
    {
        "user_id": "2066457278",
        "operator_id": "2562166969",
        "date": "2024-09-12 18:33:51"
    },
    {
        "user_id": "3564925488",
        "operator_id": "2897596054",
        "date": "2024-09-12 18:37:21"
    },
    {
        "user_id": "3577131880",
        "operator_id": "2125313990",
        "date": "2024-09-12 18:39:21"
    },
    {
        "user_id": "1224862453",
        "operator_id": "2125313990",
        "date": "2024-09-12 18:39:24"
    },
    {
        "user_id": "2962971570",
        "operator_id": "448819541",
        "date": "2024-09-12 18:39:26"
    },
    {
        "user_id": "2473405716",
        "operator_id": "3480065915",
        "date": "2024-09-12 18:39:32"
    },
    {
        "user_id": "723134612",
        "operator_id": "3480065915",
        "date": "2024-09-12 18:39:56"
    },
    {
        "user_id": "2328708481",
        "operator_id": "1696770324",
        "date": "2024-09-12 18:40:24"
    },
    {
        "user_id": "3035650166",
        "operator_id": "2189884648",
        "date": "2024-09-12 18:40:41"
    },
    {
        "user_id": "2949265088",
        "operator_id": "191098039",
        "date": "2024-09-12 18:42:53"
    },
    {
        "user_id": "3167641886",
        "operator_id": "2562166969",
        "date": "2024-09-12 18:42:55"
    },
    {
        "user_id": "3299712628",
        "operator_id": "1229430963",
        "date": "2024-09-12 18:43:22"
    },
    {
        "user_id": "2240321977",
        "operator_id": "2034365172",
        "date": "2024-09-12 18:44:22"
    },
    {
        "user_id": "1826195907",
        "operator_id": "3148735897",
        "date": "2024-09-12 18:46:19"
    },
    {
        "user_id": "2627221534",
        "operator_id": "2034365172",
        "date": "2024-09-12 18:46:20"
    },
    {
        "user_id": "2138913648",
        "operator_id": "2034704732",
        "date": "2024-09-12 18:47:13"
    },
    {
        "user_id": "1844155616",
        "operator_id": "3848329125",
        "date": "2024-09-12 18:47:37"
    },
    {
        "user_id": "2669029778",
        "operator_id": "3848329125",
        "date": "2024-09-12 18:47:53"
    },
    {
        "user_id": "928078923",
        "operator_id": "2824746334",
        "date": "2024-09-12 18:55:13"
    },
    {
        "user_id": "1993214384",
        "operator_id": "3387265370",
        "date": "2024-09-12 19:08:03"
    },
    {
        "user_id": "2497039639",
        "operator_id": "3428064879",
        "date": "2024-09-12 19:18:46"
    },
    {
        "user_id": "3188767306",
        "operator_id": "3428064879",
        "date": "2024-09-12 19:18:52"
    },
    {
        "user_id": "1776802413",
        "operator_id": "2068410868",
        "date": "2024-09-12 19:32:34"
    },
    {
        "user_id": "3356742744",
        "operator_id": "2726028436",
        "date": "2024-09-12 19:38:11"
    },
    {
        "user_id": "487838053",
        "operator_id": "3399490172",
        "date": "2024-09-12 20:20:07"
    },
    {
        "user_id": "748842359",
        "operator_id": "3458420383",
        "date": "2024-09-12 21:11:13"
    },
    {
        "user_id": "3384778488",
        "operator_id": "3458420383",
        "date": "2024-09-12 21:11:20"
    },
    {
        "user_id": "1958496580",
        "operator_id": "3949721589",
        "date": "2024-09-12 21:46:47"
    },
    {
        "user_id": "1794418919",
        "operator_id": "3456569548",
        "date": "2024-09-12 22:10:37"
    },
    {
        "user_id": "3321484169",
        "operator_id": "3847582097",
        "date": "2024-09-12 22:18:33"
    },
    {
        "user_id": "1912069542",
        "operator_id": "3847582097",
        "date": "2024-09-12 22:18:36"
    },
    {
        "user_id": "3390036086",
        "operator_id": "1434782970",
        "date": "2024-09-13 06:35:35"
    },
    {
        "user_id": "1745912071",
        "operator_id": "1434782970",
        "date": "2024-09-13 06:35:38"
    },
    {
        "user_id": "3020886751",
        "operator_id": "2581007883",
        "date": "2024-09-13 11:58:39"
    },
    {
        "user_id": "2674083521",
        "operator_id": "766363726",
        "date": "2024-09-13 19:11:51"
    },
    {
        "user_id": "2265582305",
        "operator_id": "2739711362",
        "date": "2024-09-14 19:19:14"
    },
    {
        "user_id": "3250823143",
        "operator_id": "3214528357",
        "date": "2024-09-14 19:51:15"
    },
    {
        "user_id": "3378774039",
        "operator_id": "3214528357",
        "date": "2024-09-15 00:26:17"
    },
    {
        "user_id": "3424537254",
        "operator_id": "67202006",
        "date": "2024-09-17 14:16:45"
    },
    {
        "user_id": "2797729540",
        "operator_id": "3992150852",
        "date": "2024-09-19 08:56:02"
    },
    {
        "user_id": "2836083700",
        "operator_id": "2123479907",
        "date": "2024-09-25 19:08:56"
    },
    {
        "user_id": "903580198",
        "operator_id": "2083581605",
        "date": "2024-09-25 20:16:08"
    },
    {
        "user_id": "1315833891",
        "operator_id": "1732991655",
        "date": "2024-10-19 17:50:48"
    },
    {
        "user_id": "3876496542",
        "operator_id": "1315833891",
        "date": "2024-10-19 17:57:27"
    },
    {
        "user_id": "3068505501",
        "operator_id": "1991212310",
        "date": "2024-10-25 18:32:57"
    },
    {
        "user_id": "3099577397",
        "operator_id": "339179778",
        "date": "2024-10-25 18:53:03"
    },
    {
        "user_id": "3295561990",
        "operator_id": "1924495127",
        "date": "2024-10-26 11:03:14"
    },
    {
        "user_id": "2710979512",
        "operator_id": "1924495127",
        "date": "2024-10-26 11:03:16"
    },
    {
        "user_id": "3895568887",
        "operator_id": "1208657612",
        "date": "2024-10-27 09:47:21"
    },
    {
        "user_id": "909759919",
        "operator_id": "3141313630",
        "date": "2024-10-30 20:28:19"
    },
    {
        "user_id": "460214335",
        "operator_id": "2846419582",
        "date": "2024-10-31 19:10:20"
    },
    {
        "user_id": "3479635127",
        "operator_id": "2959847159",
        "date": "2024-11-05 09:58:22"
    },
    {
        "user_id": "2156006737",
        "operator_id": "2959847159",
        "date": "2024-11-05 09:58:29"
    },
    {
        "user_id": "1332017287",
        "operator_id": "2959847159",
        "date": "2024-11-05 09:59:05"
    },
    {
        "user_id": "2907744231",
        "operator_id": "949426840",
        "date": "2024-11-06 18:10:27"
    },
    {
        "user_id": "3124938327",
        "operator_id": "3217760336",
        "date": "2024-11-26 11:01:22"
    },
    {
        "user_id": "3365893998",
        "operator_id": "3408542758",
        "date": "2024-12-04 20:01:46"
    },
    {
        "user_id": "1365886134",
        "operator_id": "2702914818",
        "date": "2024-12-14 13:03:21"
    },
    {
        "user_id": "3824105431",
        "operator_id": "2043173817",
        "date": "2024-12-17 21:54:11"
    },
    {
        "user_id": "1489681079",
        "operator_id": "1489681079",
        "date": "2024-12-23 17:31:17"
    },
    {
        "user_id": "3557950057",
        "operator_id": "1972304474",
        "date": "2024-12-24 16:04:49"
    },
    {
        "user_id": "484137230",
        "operator_id": "839079282",
        "date": "2025-01-02 21:58:15"
    },
    {
        "user_id": "3330837051",
        "operator_id": "3949721589",
        "date": "2025-01-03 10:32:21"
    },
    {
        "user_id": "2150253681",
        "operator_id": "2717316820",
        "date": "2025-01-03 19:57:51"
    },
    {
        "user_id": "2108221292",
        "operator_id": "839079282",
        "date": "2025-01-03 23:05:00"
    },
    {
        "user_id": "2352235705",
        "operator_id": "2108221292",
        "date": "2025-01-04 07:38:12"
    },
    {
        "user_id": "2484518206",
        "operator_id": "839079282",
        "date": "2025-01-04 11:29:33"
    },
    {
        "user_id": "2020499329",
        "operator_id": "2503910743",
        "date": "2025-01-04 11:42:23"
    },
    {
        "user_id": "1678886086",
        "operator_id": "2902284437",
        "date": "2025-01-06 13:55:51"
    },
    {
        "user_id": "3206298949",
        "operator_id": "3069004963",
        "date": "2025-01-06 16:21:48"
    },
    {
        "user_id": "2413927534",
        "operator_id": "1825384526",
        "date": "2025-01-06 17:20:16"
    },
    {
        "user_id": "3417384148",
        "operator_id": "289861269",
        "date": "2025-01-06 19:12:58"
    },
    {
        "user_id": "2031858396",
        "operator_id": "2358205979",
        "date": "2025-01-07 15:30:10"
    },
    {
        "user_id": "3493923430",
        "operator_id": "3167240541",
        "date": "2025-01-07 16:11:16"
    },
    {
        "user_id": "2667449903",
        "operator_id": "2902284437",
        "date": "2025-01-08 12:52:56"
    },
    {
        "user_id": "2950955487",
        "operator_id": "1924495127",
        "date": "2025-01-12 22:16:51"
    }
]