[
    {
        "user_id": "3791345350",
        "operator_id": "2330623703",
        "date": "2024-10-21 16:04:09"
    },
    {
        "user_id": "2027593323",
        "operator_id": "2971205798",
        "date": "2024-10-23 16:01:58"
    },
    {
        "user_id": "310778617",
        "operator_id": "3339875664",
        "date": "2024-10-23 20:34:16"
    },
    {
        "user_id": "3031616942",
        "operator_id": "3041038048",
        "date": "2024-10-24 16:13:18"
    },
    {
        "user_id": "3965908795",
        "operator_id": "2330623703",
        "date": "2024-10-24 16:55:25"
    },
    {
        "user_id": "659891690",
        "operator_id": "3085227433",
        "date": "2024-10-25 12:09:03"
    },
    {
        "user_id": "3596237154",
        "operator_id": "3041038048",
        "date": "2024-10-25 13:55:33"
    },
    {
        "user_id": "1621904622",
        "operator_id": "3041038048",
        "date": "2024-10-25 19:34:20"
    },
    {
        "user_id": "3797508264",
        "operator_id": "3063932685",
        "date": "2024-10-26 15:08:28"
    },
    {
        "user_id": "2404715827",
        "operator_id": "3339875664",
        "date": "2024-10-26 17:34:02"
    },
    {
        "user_id": "2381877893",
        "operator_id": "2404715827",
        "date": "2024-10-28 16:56:11"
    },
    {
        "user_id": "3786680813",
        "operator_id": "2330623703",
        "date": "2024-10-28 17:57:58"
    },
    {
        "user_id": "3427763958",
        "operator_id": "2404715827",
        "date": "2024-10-29 10:40:40"
    },
    {
        "user_id": "2876458132",
        "operator_id": "3063932685",
        "date": "2024-10-29 10:41:45"
    },
    {
        "user_id": "3261098463",
        "operator_id": "2404715827",
        "date": "2024-10-29 11:13:29"
    },
    {
        "user_id": "2380229560",
        "operator_id": "2654861370",
        "date": "2024-10-29 11:19:47"
    },
    {
        "user_id": "3086267070",
        "operator_id": "2404715827",
        "date": "2024-10-30 16:41:36"
    },
    {
        "user_id": "461801514",
        "operator_id": "2307463770",
        "date": "2024-11-01 18:21:20"
    },
    {
        "user_id": "2118023584",
        "operator_id": "2307463770",
        "date": "2024-11-02 13:58:22"
    },
    {
        "user_id": "158904052",
        "operator_id": "2307463770",
        "date": "2024-11-04 08:30:27"
    },
    {
        "user_id": "2628541272",
        "operator_id": "203378291",
        "date": "2024-11-06 14:15:21"
    },
    {
        "user_id": "483043161",
        "operator_id": "203378291",
        "date": "2024-11-06 17:24:12"
    },
    {
        "user_id": "3647678203",
        "operator_id": "310778617",
        "date": "2024-11-12 12:08:05"
    },
    {
        "user_id": "1771988406",
        "operator_id": "310778617",
        "date": "2024-11-12 17:56:21"
    },
    {
        "user_id": "2948084781",
        "operator_id": "2951318190",
        "date": "2024-11-14 15:06:58"
    },
    {
        "user_id": "3612054658",
        "operator_id": "3063932685",
        "date": "2024-11-15 00:25:51"
    },
    {
        "user_id": "2674294442",
        "operator_id": "1157581947",
        "date": "2024-11-19 09:11:56"
    }
]