[
    {
        "user_id": "2167804104",
        "operator_id": "1612540763",
        "date": "2024-08-04 12:27:44"
    },
    {
        "user_id": "2993482892",
        "operator_id": "2769731875",
        "date": "2024-08-04 21:54:27"
    },
    {
        "user_id": "2435379580",
        "operator_id": "2769731875",
        "date": "2024-08-04 21:58:54"
    },
    {
        "user_id": "3382067528",
        "operator_id": "2769731875",
        "date": "2024-08-04 22:50:19"
    },
    {
        "user_id": "2735446096",
        "operator_id": "2769731875",
        "date": "2024-08-05 07:46:14"
    },
    {
        "user_id": "694899554",
        "operator_id": "2769731875",
        "date": "2024-08-05 07:57:02"
    },
    {
        "user_id": "2658504429",
        "operator_id": "1930404524",
        "date": "2024-08-05 10:01:35"
    },
    {
        "user_id": "2594273797",
        "operator_id": "1536875099",
        "date": "2024-08-05 12:27:26"
    },
    {
        "user_id": "2330087513",
        "operator_id": "2769731875",
        "date": "2024-08-05 14:16:55"
    },
    {
        "user_id": "212439041",
        "operator_id": "2769731875",
        "date": "2024-08-05 14:18:26"
    },
    {
        "user_id": "3150100021",
        "operator_id": "2769731875",
        "date": "2024-08-05 14:21:07"
    },
    {
        "user_id": "929936005",
        "operator_id": "2769731875",
        "date": "2024-08-05 14:43:11"
    },
    {
        "user_id": "2448307393",
        "operator_id": "2769731875",
        "date": "2024-08-05 15:27:25"
    },
    {
        "user_id": "1241792098",
        "operator_id": "2769731875",
        "date": "2024-08-05 15:55:37"
    },
    {
        "user_id": "3580486546",
        "operator_id": "2769731875",
        "date": "2024-08-05 17:12:26"
    },
    {
        "user_id": "3059746581",
        "operator_id": "2769731875",
        "date": "2024-08-05 17:37:36"
    },
    {
        "user_id": "1582934864",
        "operator_id": "2769731875",
        "date": "2024-08-05 21:31:27"
    },
    {
        "user_id": "326510998",
        "operator_id": "2769731875",
        "date": "2024-08-05 21:56:56"
    },
    {
        "user_id": "1332018647",
        "operator_id": "2769731875",
        "date": "2024-08-05 23:27:49"
    },
    {
        "user_id": "3245068668",
        "operator_id": "1612540763",
        "date": "2024-08-07 20:45:10"
    },
    {
        "user_id": "3314623052",
        "operator_id": "2080676190",
        "date": "2024-08-07 21:11:29"
    },
    {
        "user_id": "1470268408",
        "operator_id": "2080676190",
        "date": "2024-08-07 21:12:41"
    },
    {
        "user_id": "1140609608",
        "operator_id": "2080676190",
        "date": "2024-08-07 21:36:50"
    },
    {
        "user_id": "2556899050",
        "operator_id": "2769731875",
        "date": "2024-08-08 00:36:19"
    },
    {
        "user_id": "2948991829",
        "operator_id": "2769731875",
        "date": "2024-08-08 17:59:14"
    },
    {
        "user_id": "3180287361",
        "operator_id": "2769731875",
        "date": "2024-08-09 10:18:08"
    },
    {
        "user_id": "1679270354",
        "operator_id": "2769731875",
        "date": "2024-08-11 00:19:35"
    },
    {
        "user_id": "3149952767",
        "operator_id": "2769731875",
        "date": "2024-08-11 00:59:14"
    },
    {
        "user_id": "3295291089",
        "operator_id": "2769731875",
        "date": "2024-08-11 10:44:40"
    },
    {
        "user_id": "2192773675",
        "operator_id": "2769731875",
        "date": "2024-08-11 13:39:36"
    },
    {
        "user_id": "1578481348",
        "operator_id": "2769731875",
        "date": "2024-08-12 00:08:16"
    },
    {
        "user_id": "2188536141",
        "operator_id": "1279144608",
        "date": "2024-08-12 21:45:11"
    },
    {
        "user_id": "2395756010",
        "operator_id": "3025867095",
        "date": "2024-08-14 21:46:22"
    },
    {
        "user_id": "2378077884",
        "operator_id": "2174369022",
        "date": "2024-08-15 15:48:53"
    },
    {
        "user_id": "3637863603",
        "operator_id": "702429227",
        "date": "2024-08-15 19:36:40"
    },
    {
        "user_id": "1490196867",
        "operator_id": "1780969468",
        "date": "2024-08-16 12:03:22"
    },
    {
        "user_id": "2214414504",
        "operator_id": "1780969468",
        "date": "2024-08-16 12:26:04"
    },
    {
        "user_id": "3093496408",
        "operator_id": "1780969468",
        "date": "2024-08-16 15:45:58"
    },
    {
        "user_id": "2302932014",
        "operator_id": "3440778930",
        "date": "2024-08-16 21:40:44"
    },
    {
        "user_id": "208155985",
        "operator_id": "2359998374",
        "date": "2024-08-16 22:31:49"
    },
    {
        "user_id": "2740268856",
        "operator_id": "2846436406",
        "date": "2024-08-17 09:18:49"
    },
    {
        "user_id": "3036226398",
        "operator_id": "2923848248",
        "date": "2024-08-17 10:30:57"
    },
    {
        "user_id": "3562745893",
        "operator_id": "2302932014",
        "date": "2024-08-18 14:46:44"
    },
    {
        "user_id": "1204311204",
        "operator_id": "431884709",
        "date": "2024-08-18 18:27:17"
    },
    {
        "user_id": "2023883249",
        "operator_id": "431884709",
        "date": "2024-08-18 18:32:12"
    },
    {
        "user_id": "2955653574",
        "operator_id": "3329490468",
        "date": "2024-08-18 19:37:13"
    },
    {
        "user_id": "2077542643",
        "operator_id": "3025867095",
        "date": "2024-08-18 20:13:38"
    },
    {
        "user_id": "2518068401",
        "operator_id": "1722348988",
        "date": "2024-08-18 20:26:40"
    },
    {
        "user_id": "1795194386",
        "operator_id": "3632688942",
        "date": "2024-08-19 08:02:36"
    },
    {
        "user_id": "3345383943",
        "operator_id": "1537729761",
        "date": "2024-08-19 10:44:25"
    },
    {
        "user_id": "2958945980",
        "operator_id": "1537729761",
        "date": "2024-08-19 12:05:25"
    },
    {
        "user_id": "599925805",
        "operator_id": "2152465338",
        "date": "2024-08-19 17:03:06"
    },
    {
        "user_id": "2651326027",
        "operator_id": "2409183219",
        "date": "2024-08-19 19:36:16"
    },
    {
        "user_id": "2775569428",
        "operator_id": "1365287300",
        "date": "2024-08-19 21:45:50"
    },
    {
        "user_id": "2142113991",
        "operator_id": "3555412158",
        "date": "2024-08-19 23:24:12"
    },
    {
        "user_id": "2372230659",
        "operator_id": "2679676806",
        "date": "2024-08-20 09:44:04"
    },
    {
        "user_id": "3224957129",
        "operator_id": "2679676806",
        "date": "2024-08-20 09:44:22"
    },
    {
        "user_id": "1486807421",
        "operator_id": "2455334199",
        "date": "2024-08-20 09:50:24"
    },
    {
        "user_id": "1990621801",
        "operator_id": "2284246517",
        "date": "2024-08-20 11:21:16"
    },
    {
        "user_id": "1944652755",
        "operator_id": "3125154659",
        "date": "2024-08-20 13:27:52"
    },
    {
        "user_id": "3850876515",
        "operator_id": "1322914849",
        "date": "2024-08-20 18:19:41"
    },
    {
        "user_id": "3035199795",
        "operator_id": "1124131885",
        "date": "2024-08-20 21:42:10"
    },
    {
        "user_id": "2186089721",
        "operator_id": "3220222676",
        "date": "2024-08-20 22:11:53"
    },
    {
        "user_id": "193928902",
        "operator_id": "3220222676",
        "date": "2024-08-20 22:12:27"
    },
    {
        "user_id": "2470341168",
        "operator_id": "1480394705",
        "date": "2024-08-20 22:39:17"
    },
    {
        "user_id": "3289857253",
        "operator_id": "3416614088",
        "date": "2024-08-21 08:45:04"
    },
    {
        "user_id": "3523581951",
        "operator_id": "3416614088",
        "date": "2024-08-21 08:51:22"
    },
    {
        "user_id": "3092356392",
        "operator_id": "3416614088",
        "date": "2024-08-21 08:53:05"
    },
    {
        "user_id": "1518479425",
        "operator_id": "3416614088",
        "date": "2024-08-21 09:12:44"
    },
    {
        "user_id": "3285432717",
        "operator_id": "3390482605",
        "date": "2024-08-21 11:56:38"
    },
    {
        "user_id": "3838956719",
        "operator_id": "3478157037",
        "date": "2024-08-21 23:16:56"
    },
    {
        "user_id": "1806162449",
        "operator_id": "3478157037",
        "date": "2024-08-21 23:18:13"
    },
    {
        "user_id": "2662110144",
        "operator_id": "2556899050",
        "date": "2024-08-22 11:51:58"
    },
    {
        "user_id": "1521767890",
        "operator_id": "1343320096",
        "date": "2024-08-22 15:09:24"
    },
    {
        "user_id": "2498890189",
        "operator_id": "3265369419",
        "date": "2024-08-22 21:21:50"
    },
    {
        "user_id": "1975999781",
        "operator_id": "2769731875",
        "date": "2024-08-22 22:29:29"
    },
    {
        "user_id": "2293084470",
        "operator_id": "1726468534",
        "date": "2024-08-22 23:47:24"
    },
    {
        "user_id": "2958983230",
        "operator_id": "1726468534",
        "date": "2024-08-22 23:47:48"
    },
    {
        "user_id": "2416307871",
        "operator_id": "1726468534",
        "date": "2024-08-23 06:36:02"
    },
    {
        "user_id": "487999705",
        "operator_id": "2958983230",
        "date": "2024-08-23 09:16:23"
    },
    {
        "user_id": "201728081",
        "operator_id": "2769731875",
        "date": "2024-08-23 10:47:38"
    },
    {
        "user_id": "1911126366",
        "operator_id": "3448951503",
        "date": "2024-08-23 11:18:35"
    },
    {
        "user_id": "2460181353",
        "operator_id": "2769731875",
        "date": "2024-08-23 13:34:20"
    },
    {
        "user_id": "2564260506",
        "operator_id": "2769731875",
        "date": "2024-08-23 14:44:00"
    },
    {
        "user_id": "2501806205",
        "operator_id": "2769731875",
        "date": "2024-08-23 18:15:12"
    },
    {
        "user_id": "3261950366",
        "operator_id": "2769731875",
        "date": "2024-08-23 18:54:28"
    },
    {
        "user_id": "2845006027",
        "operator_id": "2769731875",
        "date": "2024-08-23 20:49:25"
    },
    {
        "user_id": "2181556824",
        "operator_id": "2769731875",
        "date": "2024-08-23 21:01:43"
    },
    {
        "user_id": "1062090760",
        "operator_id": "2769731875",
        "date": "2024-08-24 09:57:17"
    },
    {
        "user_id": "2078125834",
        "operator_id": "2769731875",
        "date": "2024-08-24 10:55:30"
    },
    {
        "user_id": "3868616693",
        "operator_id": "2769731875",
        "date": "2024-08-24 11:04:31"
    },
    {
        "user_id": "2068695744",
        "operator_id": "2769731875",
        "date": "2024-08-24 11:19:17"
    },
    {
        "user_id": "273227676",
        "operator_id": "2769731875",
        "date": "2024-08-24 11:32:13"
    },
    {
        "user_id": "3379711815",
        "operator_id": "1911126366",
        "date": "2024-08-24 12:24:37"
    },
    {
        "user_id": "1325918762",
        "operator_id": "2769731875",
        "date": "2024-08-24 13:19:44"
    },
    {
        "user_id": "1121845324",
        "operator_id": "2769731875",
        "date": "2024-08-24 14:16:04"
    },
    {
        "user_id": "821431952",
        "operator_id": "2769731875",
        "date": "2024-08-24 16:24:34"
    },
    {
        "user_id": "1955931075",
        "operator_id": "228863533",
        "date": "2024-08-28 09:29:49"
    },
    {
        "user_id": "2557937796",
        "operator_id": "664479246",
        "date": "2024-08-28 16:44:11"
    },
    {
        "user_id": "2198135885",
        "operator_id": "2715641447",
        "date": "2024-08-28 17:10:56"
    },
    {
        "user_id": "535775986",
        "operator_id": "1944652755",
        "date": "2024-08-28 21:21:46"
    },
    {
        "user_id": "3369063177",
        "operator_id": "2673769532",
        "date": "2024-08-29 20:59:30"
    }
]