[
    {
        "user_id": "2769731875",
        "operator_id": "3578392074",
        "date": "2024-08-03 02:43:13"
    },
    {
        "user_id": "482548878",
        "operator_id": "2769731875",
        "date": "2024-08-03 02:44:52"
    },
    {
        "user_id": "3649056059",
        "operator_id": "482548878",
        "date": "2024-08-03 02:45:29"
    },
    {
        "user_id": "3649056059",
        "operator_id": "2769731875",
        "date": "2024-08-03 03:08:23"
    }
]