[
    {
        "user_id": "3675404148",
        "operator_id": "2447828762",
        "date": "2024-09-25 11:05:57"
    },
    {
        "user_id": "3824715843",
        "operator_id": "1443665826",
        "date": "2024-09-25 14:13:33"
    },
    {
        "user_id": "3888326892",
        "operator_id": "3297200248",
        "date": "2024-09-25 14:36:28"
    },
    {
        "user_id": "3042684063",
        "operator_id": "3879070087",
        "date": "2024-09-25 18:44:27"
    },
    {
        "user_id": "3789923287",
        "operator_id": "3879070087",
        "date": "2024-09-25 18:44:50"
    },
    {
        "user_id": "2623185666",
        "operator_id": "2043173817",
        "date": "2024-09-25 18:58:25"
    },
    {
        "user_id": "1073373535",
        "operator_id": "3531676052",
        "date": "2024-09-25 19:25:17"
    },
    {
        "user_id": "1611010766",
        "operator_id": "3531676052",
        "date": "2024-09-25 19:44:55"
    },
    {
        "user_id": "3344126129",
        "operator_id": "1574789521",
        "date": "2024-09-25 20:43:54"
    },
    {
        "user_id": "951720273",
        "operator_id": "2243950599",
        "date": "2024-09-25 20:46:00"
    },
    {
        "user_id": "3389234203",
        "operator_id": "1509822038",
        "date": "2024-09-25 20:50:21"
    },
    {
        "user_id": "2486456113",
        "operator_id": "3389234203",
        "date": "2024-09-25 21:02:52"
    },
    {
        "user_id": "3832826885",
        "operator_id": "2243950599",
        "date": "2024-09-25 21:03:18"
    },
    {
        "user_id": "2530441509",
        "operator_id": "2243950599",
        "date": "2024-09-25 21:03:23"
    },
    {
        "user_id": "341612969",
        "operator_id": "2243950599",
        "date": "2024-09-25 21:03:30"
    },
    {
        "user_id": "3426755986",
        "operator_id": "2243950599",
        "date": "2024-09-25 21:03:32"
    },
    {
        "user_id": "2127423853",
        "operator_id": "2243950599",
        "date": "2024-09-25 21:03:46"
    },
    {
        "user_id": "3524553771",
        "operator_id": "2243950599",
        "date": "2024-09-25 21:03:48"
    },
    {
        "user_id": "2114479481",
        "operator_id": "2243950599",
        "date": "2024-09-25 21:03:55"
    },
    {
        "user_id": "2187351952",
        "operator_id": "2243950599",
        "date": "2024-09-25 21:04:05"
    },
    {
        "user_id": "2863117119",
        "operator_id": "2243950599",
        "date": "2024-09-25 21:04:13"
    },
    {
        "user_id": "2587180867",
        "operator_id": "2243950599",
        "date": "2024-09-25 21:04:16"
    },
    {
        "user_id": "1485266256",
        "operator_id": "2243950599",
        "date": "2024-09-25 21:04:25"
    },
    {
        "user_id": "3852435064",
        "operator_id": "3422564262",
        "date": "2024-09-26 13:01:26"
    },
    {
        "user_id": "1433717248",
        "operator_id": "3572544393",
        "date": "2024-09-26 14:03:34"
    },
    {
        "user_id": "2896925825",
        "operator_id": "3424537254",
        "date": "2024-09-26 14:08:42"
    },
    {
        "user_id": "815194893",
        "operator_id": "3111544672",
        "date": "2024-09-26 15:23:08"
    },
    {
        "user_id": "2136976917",
        "operator_id": "649553412",
        "date": "2024-09-26 15:55:27"
    },
    {
        "user_id": "3145399753",
        "operator_id": "2170841981",
        "date": "2024-09-26 19:07:29"
    },
    {
        "user_id": "1073373535",
        "operator_id": "3531676052",
        "date": "2024-09-26 19:23:32"
    },
    {
        "user_id": "1611010766",
        "operator_id": "3531676052",
        "date": "2024-09-26 19:42:19"
    },
    {
        "user_id": "3960997074",
        "operator_id": "1069359573",
        "date": "2024-09-27 12:49:03"
    },
    {
        "user_id": "651838299",
        "operator_id": "3111544672",
        "date": "2024-09-27 15:03:43"
    },
    {
        "user_id": "3455322900",
        "operator_id": "649553412",
        "date": "2024-09-27 15:39:34"
    },
    {
        "user_id": "2928344689",
        "operator_id": "3879070087",
        "date": "2024-09-27 18:44:26"
    },
    {
        "user_id": "1481230438",
        "operator_id": "3879070087",
        "date": "2024-09-27 18:44:45"
    },
    {
        "user_id": "473078364",
        "operator_id": "2170841981",
        "date": "2024-09-27 19:59:05"
    },
    {
        "user_id": "3515340870",
        "operator_id": "2447828762",
        "date": "2024-09-27 21:42:03"
    },
    {
        "user_id": "3149399077",
        "operator_id": "3835820482",
        "date": "2024-09-28 00:45:28"
    },
    {
        "user_id": "3449392524",
        "operator_id": "2212969544",
        "date": "2024-09-28 10:36:02"
    },
    {
        "user_id": "3858254265",
        "operator_id": "1443665826",
        "date": "2024-09-28 12:20:30"
    },
    {
        "user_id": "1486807838",
        "operator_id": "649553412",
        "date": "2024-09-28 16:06:56"
    },
    {
        "user_id": "2970376800",
        "operator_id": "3449392524",
        "date": "2024-09-28 16:31:03"
    },
    {
        "user_id": "3014396194",
        "operator_id": "2447828762",
        "date": "2024-09-28 18:21:03"
    },
    {
        "user_id": "3894176867",
        "operator_id": "2742763976",
        "date": "2024-09-29 01:55:54"
    },
    {
        "user_id": "2453506791",
        "operator_id": "2447828762",
        "date": "2024-09-29 18:27:40"
    },
    {
        "user_id": "2177857523",
        "operator_id": "2243950599",
        "date": "2024-09-29 18:39:59"
    },
    {
        "user_id": "3349581500",
        "operator_id": "3328093528",
        "date": "2024-09-29 22:39:33"
    },
    {
        "user_id": "3843487972",
        "operator_id": "2243950599",
        "date": "2024-09-29 22:39:59"
    },
    {
        "user_id": "2050244521",
        "operator_id": "1628710182",
        "date": "2024-09-30 00:03:12"
    },
    {
        "user_id": "1652948126",
        "operator_id": "1498879220",
        "date": "2024-09-30 10:31:35"
    },
    {
        "user_id": "1942063960",
        "operator_id": "3533628686",
        "date": "2024-09-30 19:28:47"
    },
    {
        "user_id": "3843548722",
        "operator_id": "2742763976",
        "date": "2024-10-02 11:44:55"
    },
    {
        "user_id": "3802850792",
        "operator_id": "3835162780",
        "date": "2024-10-03 13:24:16"
    },
    {
        "user_id": "3562976830",
        "operator_id": "649553412",
        "date": "2024-10-03 16:00:16"
    },
    {
        "user_id": "256926563",
        "operator_id": "649553412",
        "date": "2024-10-03 16:20:20"
    },
    {
        "user_id": "2127216725",
        "operator_id": "649553412",
        "date": "2024-10-03 16:31:16"
    },
    {
        "user_id": "298718945",
        "operator_id": "3111544672",
        "date": "2024-10-04 17:11:43"
    },
    {
        "user_id": "2137681078",
        "operator_id": "3111544672",
        "date": "2024-10-05 12:06:34"
    },
    {
        "user_id": "3385731395",
        "operator_id": "3297200248",
        "date": "2024-10-05 17:30:19"
    },
    {
        "user_id": "2784778251",
        "operator_id": "3879070087",
        "date": "2024-10-05 18:44:49"
    },
    {
        "user_id": "1130777295",
        "operator_id": "3879070087",
        "date": "2024-10-05 18:45:09"
    },
    {
        "user_id": "3839093601",
        "operator_id": "2253085837",
        "date": "2024-10-06 17:53:05"
    },
    {
        "user_id": "3356237055",
        "operator_id": "3297200248",
        "date": "2024-10-08 18:04:16"
    },
    {
        "user_id": "1154365234",
        "operator_id": "3869883576",
        "date": "2024-10-08 21:37:33"
    },
    {
        "user_id": "5158609",
        "operator_id": "3173132670",
        "date": "2024-10-09 12:09:25"
    },
    {
        "user_id": "3449629658",
        "operator_id": "3297200248",
        "date": "2024-10-09 15:03:05"
    },
    {
        "user_id": "3268815863",
        "operator_id": "3111544672",
        "date": "2024-10-09 15:05:07"
    },
    {
        "user_id": "3459332825",
        "operator_id": "3111544672",
        "date": "2024-10-09 16:23:19"
    },
    {
        "user_id": "326562194",
        "operator_id": "1443665826",
        "date": "2024-10-09 17:58:38"
    },
    {
        "user_id": "2826332033",
        "operator_id": "3879070087",
        "date": "2024-10-09 19:13:55"
    },
    {
        "user_id": "1258615362",
        "operator_id": "3879070087",
        "date": "2024-10-09 19:14:17"
    },
    {
        "user_id": "1175159610",
        "operator_id": "3138602080",
        "date": "2024-10-10 11:59:36"
    },
    {
        "user_id": "1281560763",
        "operator_id": "5158609",
        "date": "2024-10-10 12:19:08"
    },
    {
        "user_id": "3518912588",
        "operator_id": "5158609",
        "date": "2024-10-10 12:20:51"
    },
    {
        "user_id": "212804460",
        "operator_id": "3210549760",
        "date": "2024-10-10 12:27:00"
    },
    {
        "user_id": "2331505477",
        "operator_id": "3111544672",
        "date": "2024-10-10 13:52:19"
    },
    {
        "user_id": "3953174422",
        "operator_id": "3495286164",
        "date": "2024-10-11 09:05:00"
    },
    {
        "user_id": "3514715254",
        "operator_id": "2820799646",
        "date": "2024-10-11 13:41:58"
    },
    {
        "user_id": "1824479392",
        "operator_id": "3869883576",
        "date": "2024-10-11 17:11:55"
    },
    {
        "user_id": "2419550263",
        "operator_id": "2535735401",
        "date": "2024-10-11 17:48:34"
    },
    {
        "user_id": "2862881899",
        "operator_id": "2378368819",
        "date": "2024-10-11 19:59:50"
    },
    {
        "user_id": "2668396306",
        "operator_id": "2156900343",
        "date": "2024-10-11 21:13:48"
    },
    {
        "user_id": "2741036457",
        "operator_id": "2132334023",
        "date": "2024-10-11 21:40:38"
    },
    {
        "user_id": "3043433517",
        "operator_id": "3111544672",
        "date": "2024-10-12 14:52:34"
    },
    {
        "user_id": "2642775267",
        "operator_id": "3111544672",
        "date": "2024-10-12 15:58:02"
    },
    {
        "user_id": "2132906200",
        "operator_id": "3188769794",
        "date": "2024-10-13 09:18:01"
    },
    {
        "user_id": "3365830371",
        "operator_id": "3297200248",
        "date": "2024-10-13 16:17:41"
    },
    {
        "user_id": "1935397008",
        "operator_id": "3297200248",
        "date": "2024-10-14 11:25:33"
    },
    {
        "user_id": "3368164504",
        "operator_id": "3111544672",
        "date": "2024-10-14 11:37:58"
    },
    {
        "user_id": "3896171704",
        "operator_id": "3869883576",
        "date": "2024-10-14 17:40:38"
    },
    {
        "user_id": "3612253147",
        "operator_id": "3879070087",
        "date": "2024-10-14 18:44:03"
    },
    {
        "user_id": "3327772178",
        "operator_id": "3879070087",
        "date": "2024-10-14 18:44:36"
    },
    {
        "user_id": "2594375318",
        "operator_id": "3879070087",
        "date": "2024-10-14 18:45:02"
    },
    {
        "user_id": "3322970184",
        "operator_id": "3879070087",
        "date": "2024-10-14 18:45:38"
    },
    {
        "user_id": "2043510388",
        "operator_id": "3297200248",
        "date": "2024-10-15 16:35:54"
    },
    {
        "user_id": "3760397126",
        "operator_id": "3297200248",
        "date": "2024-10-16 11:04:53"
    },
    {
        "user_id": "3827007911",
        "operator_id": "3422564262",
        "date": "2024-10-16 12:11:00"
    },
    {
        "user_id": "835583490",
        "operator_id": "3111544672",
        "date": "2024-10-16 14:51:48"
    },
    {
        "user_id": "2246838977",
        "operator_id": "2429844288",
        "date": "2024-10-16 15:52:09"
    },
    {
        "user_id": "1439163308",
        "operator_id": "3328093528",
        "date": "2024-10-16 22:24:05"
    },
    {
        "user_id": "2654887979",
        "operator_id": "3111544672",
        "date": "2024-10-17 14:19:33"
    },
    {
        "user_id": "3797858718",
        "operator_id": "3547305992",
        "date": "2024-10-17 15:16:20"
    },
    {
        "user_id": "1591987845",
        "operator_id": "3869883576",
        "date": "2024-10-17 15:48:08"
    },
    {
        "user_id": "3562630384",
        "operator_id": "3879070087",
        "date": "2024-10-17 17:53:34"
    },
    {
        "user_id": "3429145756",
        "operator_id": "3879070087",
        "date": "2024-10-17 17:54:00"
    },
    {
        "user_id": "1051359722",
        "operator_id": "3879070087",
        "date": "2024-10-17 17:54:30"
    },
    {
        "user_id": "2576692165",
        "operator_id": "2253085837",
        "date": "2024-10-18 00:18:15"
    },
    {
        "user_id": "2576692165",
        "operator_id": "2253085837",
        "date": "2024-10-18 00:18:15"
    },
    {
        "user_id": "3933765402",
        "operator_id": "3301616833",
        "date": "2024-10-18 13:00:08"
    },
    {
        "user_id": "3564775070",
        "operator_id": "3111544672",
        "date": "2024-10-19 14:49:58"
    },
    {
        "user_id": "2126219605",
        "operator_id": "2768737439",
        "date": "2024-10-20 16:38:44"
    },
    {
        "user_id": "3354677158",
        "operator_id": "2708569213",
        "date": "2024-10-20 17:48:42"
    },
    {
        "user_id": "2189855968",
        "operator_id": "3111544672",
        "date": "2024-10-20 20:53:44"
    },
    {
        "user_id": "3953247200",
        "operator_id": "3328093528",
        "date": "2024-10-21 20:07:16"
    },
    {
        "user_id": "3872438807",
        "operator_id": "3869883576",
        "date": "2024-10-21 22:22:28"
    },
    {
        "user_id": "3781056809",
        "operator_id": "3217581410",
        "date": "2024-10-22 09:26:59"
    },
    {
        "user_id": "2373887338",
        "operator_id": "3149399077",
        "date": "2024-10-22 16:33:32"
    },
    {
        "user_id": "292002063",
        "operator_id": "3149399077",
        "date": "2024-10-23 16:27:20"
    },
    {
        "user_id": "1373826388",
        "operator_id": "3111544672",
        "date": "2024-10-23 17:23:53"
    },
    {
        "user_id": "1626647405",
        "operator_id": "3879070087",
        "date": "2024-10-23 17:29:33"
    },
    {
        "user_id": "3520119352",
        "operator_id": "3879070087",
        "date": "2024-10-23 17:29:53"
    },
    {
        "user_id": "1642616361",
        "operator_id": "3879070087",
        "date": "2024-10-23 17:30:12"
    },
    {
        "user_id": "3284773508",
        "operator_id": "3879070087",
        "date": "2024-10-23 17:30:31"
    },
    {
        "user_id": "3325645289",
        "operator_id": "3305190169",
        "date": "2024-10-23 20:14:14"
    },
    {
        "user_id": "3852156224",
        "operator_id": "2253085837",
        "date": "2024-10-23 21:02:08"
    },
    {
        "user_id": "3863459077",
        "operator_id": "3869883576",
        "date": "2024-10-23 22:43:42"
    },
    {
        "user_id": "3589848049",
        "operator_id": "3111544672",
        "date": "2024-10-24 11:16:15"
    },
    {
        "user_id": "2110246834",
        "operator_id": "2247803613",
        "date": "2024-10-24 12:15:01"
    },
    {
        "user_id": "3512842396",
        "operator_id": "3297200248",
        "date": "2024-10-24 18:29:17"
    },
    {
        "user_id": "3088655047",
        "operator_id": "3297200248",
        "date": "2024-10-25 10:55:59"
    },
    {
        "user_id": "2104819550",
        "operator_id": "3111544672",
        "date": "2024-10-25 11:51:40"
    },
    {
        "user_id": "1612482370",
        "operator_id": "2063517296",
        "date": "2024-10-25 17:11:43"
    },
    {
        "user_id": "3035199795",
        "operator_id": "2378368819",
        "date": "2024-10-25 19:24:50"
    },
    {
        "user_id": "3946998168",
        "operator_id": "3547305992",
        "date": "2024-10-26 11:55:24"
    },
    {
        "user_id": "3923498487",
        "operator_id": "3547305992",
        "date": "2024-10-27 12:49:56"
    },
    {
        "user_id": "2476328737",
        "operator_id": "3111544672",
        "date": "2024-10-27 17:10:58"
    },
    {
        "user_id": "2457907699",
        "operator_id": "3111544672",
        "date": "2024-10-28 10:51:49"
    },
    {
        "user_id": "3867864357",
        "operator_id": "2670074887",
        "date": "2024-10-28 17:29:47"
    },
    {
        "user_id": "3061794934",
        "operator_id": "3297200248",
        "date": "2024-10-28 18:01:54"
    },
    {
        "user_id": "3643317477",
        "operator_id": "3869883576",
        "date": "2024-10-28 18:19:44"
    },
    {
        "user_id": "3856793313",
        "operator_id": "3869883576",
        "date": "2024-10-28 18:19:57"
    },
    {
        "user_id": "1132760008",
        "operator_id": "3585726951",
        "date": "2024-10-29 14:04:55"
    },
    {
        "user_id": "280265702",
        "operator_id": "3297200248",
        "date": "2024-10-30 11:13:24"
    },
    {
        "user_id": "3316484393",
        "operator_id": "2296414348",
        "date": "2024-10-30 18:45:50"
    },
    {
        "user_id": "2132233155",
        "operator_id": "1798362801",
        "date": "2024-10-30 21:27:45"
    },
    {
        "user_id": "3335687699",
        "operator_id": "550892318",
        "date": "2024-10-30 21:28:49"
    },
    {
        "user_id": "3982958605",
        "operator_id": "652319168",
        "date": "2024-10-31 12:48:33"
    },
    {
        "user_id": "3451135295",
        "operator_id": "1634397104",
        "date": "2024-10-31 14:01:18"
    },
    {
        "user_id": "2223696788",
        "operator_id": "652319168",
        "date": "2024-10-31 14:08:35"
    },
    {
        "user_id": "3456839319",
        "operator_id": "2336456369",
        "date": "2024-10-31 16:20:29"
    },
    {
        "user_id": "1838394557",
        "operator_id": "2336456369",
        "date": "2024-10-31 17:11:06"
    },
    {
        "user_id": "1708516919",
        "operator_id": "2761864404",
        "date": "2024-10-31 17:15:38"
    },
    {
        "user_id": "1513984181",
        "operator_id": "2761864404",
        "date": "2024-10-31 21:35:51"
    },
    {
        "user_id": "2235709856",
        "operator_id": "2056248862",
        "date": "2024-10-31 23:28:07"
    },
    {
        "user_id": "291198564",
        "operator_id": "2103657031",
        "date": "2024-11-01 09:56:25"
    },
    {
        "user_id": "1438419361",
        "operator_id": "2056248862",
        "date": "2024-11-01 10:30:27"
    },
    {
        "user_id": "2514973975",
        "operator_id": "2761864404",
        "date": "2024-11-01 16:35:54"
    },
    {
        "user_id": "3335687699",
        "operator_id": "3029250953",
        "date": "2024-11-01 17:17:09"
    },
    {
        "user_id": "3859740899",
        "operator_id": "2253085837",
        "date": "2024-11-01 18:17:55"
    },
    {
        "user_id": "2724598218",
        "operator_id": "401721359",
        "date": "2024-11-01 20:21:26"
    },
    {
        "user_id": "3934403490",
        "operator_id": "2904586475",
        "date": "2024-11-01 22:41:00"
    },
    {
        "user_id": "3134782797",
        "operator_id": "3297200248",
        "date": "2024-11-02 12:33:50"
    },
    {
        "user_id": "629003707",
        "operator_id": "1798362801",
        "date": "2024-11-02 13:18:02"
    },
    {
        "user_id": "3025297852",
        "operator_id": "2761864404",
        "date": "2024-11-02 13:35:10"
    },
    {
        "user_id": "3676430464",
        "operator_id": "2761864404",
        "date": "2024-11-02 16:55:59"
    },
    {
        "user_id": "1499618516",
        "operator_id": "3029250953",
        "date": "2024-11-02 17:24:20"
    },
    {
        "user_id": "2936823410",
        "operator_id": "2102709704",
        "date": "2024-11-03 10:06:40"
    },
    {
        "user_id": "2132233155",
        "operator_id": "1798362801",
        "date": "2024-11-03 10:22:27"
    },
    {
        "user_id": "2895653968",
        "operator_id": "2296414348",
        "date": "2024-11-03 10:24:54"
    },
    {
        "user_id": "2751557278",
        "operator_id": "2789360769",
        "date": "2024-11-03 10:26:57"
    },
    {
        "user_id": "3485312684",
        "operator_id": "401721359",
        "date": "2024-11-03 12:20:00"
    },
    {
        "user_id": "1801856188",
        "operator_id": "2366171786",
        "date": "2024-11-03 14:37:08"
    },
    {
        "user_id": "3361902342",
        "operator_id": "652319168",
        "date": "2024-11-03 17:10:30"
    },
    {
        "user_id": "3544954392",
        "operator_id": "1413405382",
        "date": "2024-11-03 19:46:33"
    },
    {
        "user_id": "379532856",
        "operator_id": "1413405382",
        "date": "2024-11-03 19:51:37"
    },
    {
        "user_id": "3031489032",
        "operator_id": "1413405382",
        "date": "2024-11-03 19:58:22"
    },
    {
        "user_id": "3025267399",
        "operator_id": "2056248862",
        "date": "2024-11-03 20:25:00"
    },
    {
        "user_id": "166317189",
        "operator_id": "2761864404",
        "date": "2024-11-03 20:28:46"
    },
    {
        "user_id": "2780881086",
        "operator_id": "2056248862",
        "date": "2024-11-03 22:41:22"
    },
    {
        "user_id": "2499069877",
        "operator_id": "401721359",
        "date": "2024-11-03 22:56:08"
    },
    {
        "user_id": "725491739",
        "operator_id": "2336456369",
        "date": "2024-11-04 01:42:55"
    },
    {
        "user_id": "2519371271",
        "operator_id": "2761864404",
        "date": "2024-11-04 15:09:39"
    },
    {
        "user_id": "640847506",
        "operator_id": "401721359",
        "date": "2024-11-04 15:12:20"
    },
    {
        "user_id": "2235709856",
        "operator_id": "2056248862",
        "date": "2024-11-04 15:43:05"
    },
    {
        "user_id": "3823044178",
        "operator_id": "3297200248",
        "date": "2024-11-04 16:49:53"
    },
    {
        "user_id": "1709476147",
        "operator_id": "1475319724",
        "date": "2024-11-04 17:13:45"
    },
    {
        "user_id": "3513134883",
        "operator_id": "652319168",
        "date": "2024-11-04 17:42:06"
    },
    {
        "user_id": "3797399644",
        "operator_id": "401721359",
        "date": "2024-11-04 23:58:43"
    },
    {
        "user_id": "3816785346",
        "operator_id": "401721359",
        "date": "2024-11-05 15:29:36"
    },
    {
        "user_id": "2571448774",
        "operator_id": "3297200248",
        "date": "2024-11-05 18:14:59"
    },
    {
        "user_id": "3660709181",
        "operator_id": "976028142",
        "date": "2024-11-05 20:47:16"
    },
    {
        "user_id": "2644436695",
        "operator_id": "976028142",
        "date": "2024-11-05 20:47:26"
    },
    {
        "user_id": "3958913585",
        "operator_id": "401721359",
        "date": "2024-11-05 21:09:40"
    },
    {
        "user_id": "1979228562",
        "operator_id": "652319168",
        "date": "2024-11-05 21:50:21"
    },
    {
        "user_id": "2170211180",
        "operator_id": "3297200248",
        "date": "2024-11-06 16:05:05"
    },
    {
        "user_id": "3875950598",
        "operator_id": "723754601",
        "date": "2024-11-06 19:43:10"
    },
    {
        "user_id": "2863683009",
        "operator_id": "652319168",
        "date": "2024-11-07 11:39:42"
    },
    {
        "user_id": "2534955412",
        "operator_id": "3058254610",
        "date": "2024-11-07 16:21:17"
    },
    {
        "user_id": "3937147983",
        "operator_id": "723754601",
        "date": "2024-11-07 22:20:24"
    },
    {
        "user_id": "2973657396",
        "operator_id": "652319168",
        "date": "2024-11-08 12:57:04"
    },
    {
        "user_id": "3605035318",
        "operator_id": "3297200248",
        "date": "2024-11-09 14:50:16"
    },
    {
        "user_id": "918489721",
        "operator_id": "976028142",
        "date": "2024-11-09 15:07:13"
    },
    {
        "user_id": "3897740329",
        "operator_id": "976028142",
        "date": "2024-11-09 15:07:46"
    },
    {
        "user_id": "3394909317",
        "operator_id": "976028142",
        "date": "2024-11-09 15:08:11"
    },
    {
        "user_id": "1255382935",
        "operator_id": "3027400445",
        "date": "2024-11-09 22:14:22"
    },
    {
        "user_id": "1609614410",
        "operator_id": "3297200248",
        "date": "2024-11-10 15:00:34"
    },
    {
        "user_id": "3021705442",
        "operator_id": "2768737439",
        "date": "2024-11-10 15:17:30"
    },
    {
        "user_id": "2337349452",
        "operator_id": "2165309683",
        "date": "2024-11-10 16:20:29"
    },
    {
        "user_id": "804214749",
        "operator_id": "652319168",
        "date": "2024-11-11 14:50:27"
    },
    {
        "user_id": "2466679506",
        "operator_id": "2187351952",
        "date": "2024-11-11 20:24:44"
    },
    {
        "user_id": "3335687699",
        "operator_id": "2056806639",
        "date": "2024-11-11 21:52:17"
    },
    {
        "user_id": "2146005294",
        "operator_id": "3031868299",
        "date": "2024-11-11 22:56:04"
    },
    {
        "user_id": "1430580873",
        "operator_id": "891146076",
        "date": "2024-11-12 11:20:37"
    },
    {
        "user_id": "2250123589",
        "operator_id": "3297200248",
        "date": "2024-11-12 11:30:59"
    },
    {
        "user_id": "2482616174",
        "operator_id": "652319168",
        "date": "2024-11-12 14:33:27"
    },
    {
        "user_id": "1815517139",
        "operator_id": "3297200248",
        "date": "2024-11-13 17:26:54"
    },
    {
        "user_id": "3933765402",
        "operator_id": "3547305992",
        "date": "2024-11-14 15:21:39"
    },
    {
        "user_id": "3774307878",
        "operator_id": "3297200248",
        "date": "2024-11-14 16:50:27"
    },
    {
        "user_id": "2065944469",
        "operator_id": "3422564262",
        "date": "2024-11-15 10:38:26"
    },
    {
        "user_id": "3839987106",
        "operator_id": "3297200248",
        "date": "2024-11-15 11:22:24"
    },
    {
        "user_id": "2792965935",
        "operator_id": "723754601",
        "date": "2024-11-15 16:23:00"
    },
    {
        "user_id": "2083132256",
        "operator_id": "723754601",
        "date": "2024-11-15 16:47:39"
    },
    {
        "user_id": "2754399107",
        "operator_id": "723754601",
        "date": "2024-11-15 20:45:24"
    },
    {
        "user_id": "272784200",
        "operator_id": "723754601",
        "date": "2024-11-15 21:22:47"
    },
    {
        "user_id": "3335194382",
        "operator_id": "723754601",
        "date": "2024-11-15 22:24:37"
    },
    {
        "user_id": "2865174227",
        "operator_id": "723754601",
        "date": "2024-11-15 22:27:00"
    },
    {
        "user_id": "2373502863",
        "operator_id": "3297200248",
        "date": "2024-11-17 11:17:29"
    },
    {
        "user_id": "2824195480",
        "operator_id": "1579564445",
        "date": "2024-11-17 11:40:00"
    },
    {
        "user_id": "2127395161",
        "operator_id": "976028142",
        "date": "2024-11-17 18:44:01"
    },
    {
        "user_id": "3413265677",
        "operator_id": "976028142",
        "date": "2024-11-17 18:44:30"
    },
    {
        "user_id": "3533318825",
        "operator_id": "976028142",
        "date": "2024-11-17 18:44:45"
    },
    {
        "user_id": "718434540",
        "operator_id": "3297200248",
        "date": "2024-11-18 10:58:41"
    },
    {
        "user_id": "3823961562",
        "operator_id": "3422564262",
        "date": "2024-11-18 13:17:01"
    },
    {
        "user_id": "3590935380",
        "operator_id": "652319168",
        "date": "2024-11-19 10:13:48"
    },
    {
        "user_id": "2947027362",
        "operator_id": "3297200248",
        "date": "2024-11-19 11:06:42"
    },
    {
        "user_id": "2818728288",
        "operator_id": "652319168",
        "date": "2024-11-20 15:28:09"
    },
    {
        "user_id": "3578745215",
        "operator_id": "3297200248",
        "date": "2024-11-20 15:58:35"
    },
    {
        "user_id": "3635845672",
        "operator_id": "3297200248",
        "date": "2024-11-21 14:05:32"
    },
    {
        "user_id": "1803363579",
        "operator_id": "976028142",
        "date": "2024-11-21 17:32:11"
    },
    {
        "user_id": "1650794015",
        "operator_id": "652319168",
        "date": "2024-11-21 17:36:09"
    },
    {
        "user_id": "1764026962",
        "operator_id": "976028142",
        "date": "2024-11-21 17:45:08"
    },
    {
        "user_id": "2220707423",
        "operator_id": "652319168",
        "date": "2024-11-22 17:39:57"
    },
    {
        "user_id": "2514973975",
        "operator_id": "2113729236",
        "date": "2024-11-23 11:54:44"
    },
    {
        "user_id": "2810363819",
        "operator_id": "1579564445",
        "date": "2024-11-24 11:39:22"
    },
    {
        "user_id": "3860249572",
        "operator_id": "3297200248",
        "date": "2024-11-25 13:48:04"
    },
    {
        "user_id": "3687895279",
        "operator_id": "652319168",
        "date": "2024-11-25 14:28:41"
    },
    {
        "user_id": "935084605",
        "operator_id": "652319168",
        "date": "2024-11-27 16:33:39"
    },
    {
        "user_id": "3549902969",
        "operator_id": "3297200248",
        "date": "2024-11-27 17:04:40"
    },
    {
        "user_id": "3466147728",
        "operator_id": "3297200248",
        "date": "2024-11-28 09:59:01"
    },
    {
        "user_id": "3768834644",
        "operator_id": "3422564262",
        "date": "2024-11-28 12:55:39"
    },
    {
        "user_id": "3574485630",
        "operator_id": "652319168",
        "date": "2024-11-28 17:19:23"
    },
    {
        "user_id": "2371582700",
        "operator_id": "652319168",
        "date": "2024-11-29 17:58:52"
    },
    {
        "user_id": "1951827928",
        "operator_id": "3297200248",
        "date": "2024-11-30 17:52:16"
    },
    {
        "user_id": "3156458915",
        "operator_id": "3297200248",
        "date": "2024-12-02 13:43:17"
    },
    {
        "user_id": "3262256610",
        "operator_id": "652319168",
        "date": "2024-12-03 16:55:10"
    },
    {
        "user_id": "3761313451",
        "operator_id": "652319168",
        "date": "2024-12-04 17:13:00"
    },
    {
        "user_id": "2148137093",
        "operator_id": "3297200248",
        "date": "2024-12-05 16:49:13"
    },
    {
        "user_id": "3135921526",
        "operator_id": "3297200248",
        "date": "2024-12-06 16:02:00"
    },
    {
        "user_id": "2736584770",
        "operator_id": "3297200248",
        "date": "2024-12-07 17:25:50"
    }
]