[
    {
        "user_id": "3237074611",
        "operator_id": "2494127609",
        "date": "2024-08-04 17:02:15"
    },
    {
        "user_id": "482548878",
        "operator_id": "2769731875",
        "date": "2024-08-14 01:57:00"
    },
    {
        "user_id": "3351307974",
        "operator_id": "2769731875",
        "date": "2024-08-15 19:44:07"
    },
    {
        "user_id": "3249474653",
        "operator_id": "2769731875",
        "date": "2024-08-21 12:48:38"
    },
    {
        "user_id": "3249474653",
        "operator_id": "2769731875",
        "date": "2024-08-21 12:49:51"
    },
    {
        "user_id": "482548878",
        "operator_id": "2769731875",
        "date": "2024-08-23 23:48:23"
    },
    {
        "user_id": "482548878",
        "operator_id": "2769731875",
        "date": "2024-08-23 23:48:50"
    }
]