[
    {
        "user_id": "2167804104",
        "operator_id": "1612540763",
        "date": "2024-08-04 12:27:44"
    },
    {
        "user_id": "2993482892",
        "operator_id": "2769731875",
        "date": "2024-08-04 21:54:27"
    },
    {
        "user_id": "2435379580",
        "operator_id": "2769731875",
        "date": "2024-08-04 21:58:54"
    },
    {
        "user_id": "3382067528",
        "operator_id": "2769731875",
        "date": "2024-08-04 22:50:19"
    },
    {
        "user_id": "2735446096",
        "operator_id": "2769731875",
        "date": "2024-08-05 07:46:14"
    },
    {
        "user_id": "694899554",
        "operator_id": "2769731875",
        "date": "2024-08-05 07:57:02"
    },
    {
        "user_id": "2658504429",
        "operator_id": "1930404524",
        "date": "2024-08-05 10:01:35"
    },
    {
        "user_id": "2594273797",
        "operator_id": "1536875099",
        "date": "2024-08-05 12:27:26"
    },
    {
        "user_id": "2330087513",
        "operator_id": "2769731875",
        "date": "2024-08-05 14:16:55"
    },
    {
        "user_id": "212439041",
        "operator_id": "2769731875",
        "date": "2024-08-05 14:18:26"
    },
    {
        "user_id": "3150100021",
        "operator_id": "2769731875",
        "date": "2024-08-05 14:21:07"
    },
    {
        "user_id": "929936005",
        "operator_id": "2769731875",
        "date": "2024-08-05 14:43:11"
    },
    {
        "user_id": "2448307393",
        "operator_id": "2769731875",
        "date": "2024-08-05 15:27:25"
    },
    {
        "user_id": "1241792098",
        "operator_id": "2769731875",
        "date": "2024-08-05 15:55:37"
    },
    {
        "user_id": "3580486546",
        "operator_id": "2769731875",
        "date": "2024-08-05 17:12:26"
    },
    {
        "user_id": "3059746581",
        "operator_id": "2769731875",
        "date": "2024-08-05 17:37:36"
    },
    {
        "user_id": "1582934864",
        "operator_id": "2769731875",
        "date": "2024-08-05 21:31:27"
    },
    {
        "user_id": "326510998",
        "operator_id": "2769731875",
        "date": "2024-08-05 21:56:56"
    },
    {
        "user_id": "1332018647",
        "operator_id": "2769731875",
        "date": "2024-08-05 23:27:49"
    },
    {
        "user_id": "3245068668",
        "operator_id": "1612540763",
        "date": "2024-08-07 20:45:10"
    },
    {
        "user_id": "3314623052",
        "operator_id": "2080676190",
        "date": "2024-08-07 21:11:29"
    },
    {
        "user_id": "1470268408",
        "operator_id": "2080676190",
        "date": "2024-08-07 21:12:41"
    },
    {
        "user_id": "1140609608",
        "operator_id": "2080676190",
        "date": "2024-08-07 21:36:50"
    },
    {
        "user_id": "2556899050",
        "operator_id": "2769731875",
        "date": "2024-08-08 00:36:19"
    },
    {
        "user_id": "2948991829",
        "operator_id": "2769731875",
        "date": "2024-08-08 17:59:14"
    },
    {
        "user_id": "3180287361",
        "operator_id": "2769731875",
        "date": "2024-08-09 10:18:08"
    },
    {
        "user_id": "482548878",
        "operator_id": "2769731875",
        "date": "2024-08-12 00:28:23"
    },
    {
        "user_id": "482548878",
        "operator_id": "2769731875",
        "date": "2024-08-12 01:34:27"
    },
    {
        "user_id": "482548878",
        "operator_id": "2769731875",
        "date": "2024-08-12 01:35:44"
    },
    {
        "user_id": "482548878",
        "operator_id": "2769731875",
        "date": "2024-08-12 01:36:43"
    },
    {
        "user_id": "482548878",
        "operator_id": "2769731875",
        "date": "2024-08-12 01:38:15"
    }
]