[
    {
        "user_id": "377634672",
        "operator_id": "3161218097",
        "date": "2024-09-12 17:41:53"
    },
    {
        "user_id": "1722041691",
        "operator_id": "1969019045",
        "date": "2024-09-13 12:45:58"
    },
    {
        "user_id": "3183542732",
        "operator_id": "1722041691",
        "date": "2024-09-13 12:46:50"
    },
    {
        "user_id": "3872376216",
        "operator_id": "1722041691",
        "date": "2024-09-13 12:46:52"
    }
]