[
    {
        "user_id": "3231058095",
        "operator_id": "3322346701",
        "date": "2024-09-18 19:22:05"
    },
    {
        "user_id": "3116625981",
        "operator_id": "3322346701",
        "date": "2024-09-18 19:23:47"
    },
    {
        "user_id": "2534955412",
        "operator_id": "3460113696",
        "date": "2024-09-18 19:33:14"
    },
    {
        "user_id": "2394336514",
        "operator_id": "3302354596",
        "date": "2024-09-18 19:33:37"
    },
    {
        "user_id": "2042896716",
        "operator_id": "3101613795",
        "date": "2024-09-18 19:58:30"
    },
    {
        "user_id": "2278029422",
        "operator_id": "3101613795",
        "date": "2024-09-18 19:58:39"
    },
    {
        "user_id": "2047865385",
        "operator_id": "1806388496",
        "date": "2024-09-18 19:58:52"
    },
    {
        "user_id": "804522212",
        "operator_id": "2102732309",
        "date": "2024-09-18 19:59:08"
    },
    {
        "user_id": "1641052226",
        "operator_id": "2326222955",
        "date": "2024-09-18 19:59:38"
    },
    {
        "user_id": "3237886201",
        "operator_id": "3412279582",
        "date": "2024-09-18 20:00:04"
    },
    {
        "user_id": "1900409214",
        "operator_id": "1489479835",
        "date": "2024-09-18 20:00:21"
    },
    {
        "user_id": "2690619685",
        "operator_id": "2280909120",
        "date": "2024-09-18 20:01:52"
    },
    {
        "user_id": "3435589331",
        "operator_id": "1478782903",
        "date": "2024-09-18 20:05:04"
    },
    {
        "user_id": "2864799769",
        "operator_id": "3237886201",
        "date": "2024-09-18 20:10:42"
    },
    {
        "user_id": "804522212",
        "operator_id": "2102732309",
        "date": "2024-09-18 20:26:01"
    },
    {
        "user_id": "2802255958",
        "operator_id": "3279397134",
        "date": "2024-09-18 20:30:37"
    },
    {
        "user_id": "2649743212",
        "operator_id": "2156841756",
        "date": "2024-09-18 20:32:46"
    },
    {
        "user_id": "257441502",
        "operator_id": "2156841756",
        "date": "2024-09-18 20:49:15"
    },
    {
        "user_id": "2309321067",
        "operator_id": "2965387753",
        "date": "2024-09-18 22:24:47"
    },
    {
        "user_id": "2238495419",
        "operator_id": "3886731103",
        "date": "2024-09-19 07:00:09"
    },
    {
        "user_id": "841997806",
        "operator_id": "1732373074",
        "date": "2024-09-19 07:27:03"
    },
    {
        "user_id": "303602524",
        "operator_id": "2428794363",
        "date": "2024-09-19 07:32:29"
    },
    {
        "user_id": "3430445461",
        "operator_id": "1969019045",
        "date": "2024-09-20 09:42:13"
    },
    {
        "user_id": "1334514920",
        "operator_id": "3597285458",
        "date": "2024-09-20 17:29:39"
    },
    {
        "user_id": "3792923831",
        "operator_id": "1334514920",
        "date": "2024-09-20 18:06:47"
    },
    {
        "user_id": "2648749044",
        "operator_id": "2771974740",
        "date": "2024-09-22 21:12:04"
    },
    {
        "user_id": "953561646",
        "operator_id": "3230485295",
        "date": "2024-09-27 11:01:03"
    },
    {
        "user_id": "2802255958",
        "operator_id": "2687672241",
        "date": "2024-10-08 14:55:45"
    }
]