[
    {
        "user_id": "2810352771",
        "operator_id": "726997091",
        "date": "2024-08-31 21:51:25"
    },
    {
        "user_id": "3159955805",
        "operator_id": "2957632068",
        "date": "2024-09-05 20:52:57"
    },
    {
        "user_id": "3045610776",
        "operator_id": "1090247259",
        "date": "2024-09-05 20:59:06"
    },
    {
        "user_id": "1875382240",
        "operator_id": "2669807502",
        "date": "2024-09-05 21:54:44"
    },
    {
        "user_id": "3251451703",
        "operator_id": "2669807502",
        "date": "2024-09-05 22:01:02"
    },
    {
        "user_id": "3244890787",
        "operator_id": "3516931785",
        "date": "2024-09-05 22:52:00"
    },
    {
        "user_id": "2264994264",
        "operator_id": "3045610776",
        "date": "2024-09-07 21:08:25"
    },
    {
        "user_id": "3165684152",
        "operator_id": "2118936783",
        "date": "2024-09-10 19:12:56"
    },
    {
        "user_id": "1463600621",
        "operator_id": "2215228448",
        "date": "2024-09-11 18:39:53"
    },
    {
        "user_id": "3346113868",
        "operator_id": "917263204",
        "date": "2024-09-11 22:54:51"
    },
    {
        "user_id": "1610962643",
        "operator_id": "2542905785",
        "date": "2024-09-11 22:57:45"
    },
    {
        "user_id": "2586252671",
        "operator_id": "1151970489",
        "date": "2024-09-15 15:55:45"
    },
    {
        "user_id": "2843015954",
        "operator_id": "3275831901",
        "date": "2024-09-15 18:23:23"
    },
    {
        "user_id": "1014323640",
        "operator_id": "3107211846",
        "date": "2024-09-18 19:59:17"
    },
    {
        "user_id": "3209448090",
        "operator_id": "3448782482",
        "date": "2024-09-18 20:07:05"
    },
    {
        "user_id": "1460028113",
        "operator_id": "3228056758",
        "date": "2024-09-19 18:42:55"
    },
    {
        "user_id": "2371640865",
        "operator_id": "3505449429",
        "date": "2024-09-19 20:30:30"
    },
    {
        "user_id": "2467924684",
        "operator_id": "166767710",
        "date": "2024-09-19 21:35:34"
    },
    {
        "user_id": "2631145614",
        "operator_id": "2378077884",
        "date": "2024-09-19 21:37:25"
    },
    {
        "user_id": "3922464260",
        "operator_id": "3949721589",
        "date": "2024-09-19 22:18:08"
    },
    {
        "user_id": "2142495378",
        "operator_id": "2486398341",
        "date": "2024-09-19 22:37:11"
    },
    {
        "user_id": "3464528689",
        "operator_id": "3027069669",
        "date": "2024-09-19 23:36:10"
    },
    {
        "user_id": "1575762066",
        "operator_id": "1643451339",
        "date": "2024-09-20 11:56:23"
    },
    {
        "user_id": "362873187",
        "operator_id": "3322346701",
        "date": "2024-09-24 20:50:22"
    },
    {
        "user_id": "2734991712",
        "operator_id": "821431952",
        "date": "2024-09-25 19:28:27"
    },
    {
        "user_id": "380114185",
        "operator_id": "1658536158",
        "date": "2024-09-25 20:32:32"
    },
    {
        "user_id": "1820989474",
        "operator_id": "2188758317",
        "date": "2024-09-25 21:16:53"
    },
    {
        "user_id": "5105654",
        "operator_id": "1710028667",
        "date": "2024-09-26 12:59:48"
    },
    {
        "user_id": "3459478500",
        "operator_id": "3091474165",
        "date": "2024-09-29 09:37:37"
    },
    {
        "user_id": "1718591424",
        "operator_id": "3196837020",
        "date": "2024-09-30 12:05:38"
    },
    {
        "user_id": "930191079",
        "operator_id": "2232975583",
        "date": "2024-10-04 16:38:49"
    },
    {
        "user_id": "3177396026",
        "operator_id": "553908133",
        "date": "2024-10-08 08:38:38"
    },
    {
        "user_id": "2390278757",
        "operator_id": "1710028667",
        "date": "2024-10-08 22:24:43"
    },
    {
        "user_id": "3453267274",
        "operator_id": "3949721589",
        "date": "2024-10-09 18:01:01"
    },
    {
        "user_id": "2974730442",
        "operator_id": "1465025846",
        "date": "2024-10-09 20:09:40"
    },
    {
        "user_id": "3157785639",
        "operator_id": "362873187",
        "date": "2024-10-09 21:12:04"
    },
    {
        "user_id": "2200912878",
        "operator_id": "1749876837",
        "date": "2024-10-10 10:00:04"
    },
    {
        "user_id": "2317616739",
        "operator_id": "3462777356",
        "date": "2024-10-11 14:51:02"
    },
    {
        "user_id": "2472577531",
        "operator_id": "166767710",
        "date": "2024-10-13 15:58:06"
    },
    {
        "user_id": "1246432808",
        "operator_id": "1172974149",
        "date": "2024-10-13 18:13:03"
    },
    {
        "user_id": "2950158564",
        "operator_id": "1480158518",
        "date": "2024-10-16 10:02:21"
    },
    {
        "user_id": "2335264799",
        "operator_id": "1480158518",
        "date": "2024-10-16 10:04:36"
    },
    {
        "user_id": "2724855918",
        "operator_id": "3424252668",
        "date": "2024-10-17 16:54:12"
    },
    {
        "user_id": "953751422",
        "operator_id": "2181086038",
        "date": "2024-10-21 22:37:26"
    },
    {
        "user_id": "3360908844",
        "operator_id": "2181086038",
        "date": "2024-10-21 23:00:45"
    },
    {
        "user_id": "787222410",
        "operator_id": "2181086038",
        "date": "2024-10-21 23:15:14"
    },
    {
        "user_id": "2833269220",
        "operator_id": "2181086038",
        "date": "2024-10-21 23:59:42"
    },
    {
        "user_id": "3229621352",
        "operator_id": "3275831901",
        "date": "2024-10-23 17:23:41"
    },
    {
        "user_id": "3576420276",
        "operator_id": "3549602592",
        "date": "2024-10-25 16:39:35"
    },
    {
        "user_id": "3624098271",
        "operator_id": "3247507275",
        "date": "2024-10-26 19:19:33"
    },
    {
        "user_id": "2744332169",
        "operator_id": "2586244791",
        "date": "2024-10-27 17:44:06"
    },
    {
        "user_id": "2367794982",
        "operator_id": "2586244791",
        "date": "2024-10-27 17:44:06"
    },
    {
        "user_id": "2622968446",
        "operator_id": "2586244791",
        "date": "2024-10-27 17:44:21"
    },
    {
        "user_id": "1810460665",
        "operator_id": "1590456991",
        "date": "2024-10-29 22:04:32"
    },
    {
        "user_id": "1010264951",
        "operator_id": "169852119",
        "date": "2024-10-30 00:14:41"
    },
    {
        "user_id": "3110440023",
        "operator_id": "2860355093",
        "date": "2024-10-30 00:34:19"
    },
    {
        "user_id": "3131990378",
        "operator_id": "2015746388",
        "date": "2024-10-31 21:51:56"
    },
    {
        "user_id": "2945963270",
        "operator_id": "2118936783",
        "date": "2024-11-01 17:47:31"
    },
    {
        "user_id": "1553931381",
        "operator_id": "2118936783",
        "date": "2024-11-01 19:01:48"
    },
    {
        "user_id": "3982801258",
        "operator_id": "2015746388",
        "date": "2024-11-01 19:45:41"
    },
    {
        "user_id": "1903505270",
        "operator_id": "2118936783",
        "date": "2024-11-01 21:00:18"
    },
    {
        "user_id": "2145373672",
        "operator_id": "2860355093",
        "date": "2024-11-01 22:03:47"
    },
    {
        "user_id": "598366591",
        "operator_id": "1903505270",
        "date": "2024-11-02 12:16:41"
    },
    {
        "user_id": "1178692998",
        "operator_id": "2816958399",
        "date": "2024-11-02 15:07:48"
    },
    {
        "user_id": "2280669820",
        "operator_id": "2177595045",
        "date": "2024-11-03 10:18:22"
    },
    {
        "user_id": "3252854544",
        "operator_id": "2118936783",
        "date": "2024-11-03 11:13:26"
    },
    {
        "user_id": "1753775830",
        "operator_id": "3196837020",
        "date": "2024-11-03 11:37:07"
    },
    {
        "user_id": "3496705763",
        "operator_id": "3196837020",
        "date": "2024-11-03 11:37:44"
    },
    {
        "user_id": "2794817016",
        "operator_id": "3196837020",
        "date": "2024-11-03 11:37:44"
    },
    {
        "user_id": "3284907647",
        "operator_id": "3196837020",
        "date": "2024-11-03 11:37:46"
    },
    {
        "user_id": "2716498708",
        "operator_id": "3196837020",
        "date": "2024-11-03 11:37:48"
    },
    {
        "user_id": "3923880405",
        "operator_id": "3196837020",
        "date": "2024-11-03 11:38:00"
    },
    {
        "user_id": "3048369870",
        "operator_id": "3196837020",
        "date": "2024-11-03 11:40:00"
    },
    {
        "user_id": "1909566429",
        "operator_id": "3196837020",
        "date": "2024-11-03 11:40:28"
    },
    {
        "user_id": "3189267200",
        "operator_id": "3196837020",
        "date": "2024-11-03 11:40:30"
    },
    {
        "user_id": "941988904",
        "operator_id": "2426498432",
        "date": "2024-11-03 11:42:09"
    },
    {
        "user_id": "3223709339",
        "operator_id": "3196837020",
        "date": "2024-11-03 12:06:51"
    },
    {
        "user_id": "3295807108",
        "operator_id": "3196837020",
        "date": "2024-11-03 12:09:03"
    },
    {
        "user_id": "3166811963",
        "operator_id": "3196837020",
        "date": "2024-11-03 12:14:50"
    },
    {
        "user_id": "2129184826",
        "operator_id": "3196837020",
        "date": "2024-11-03 12:40:44"
    },
    {
        "user_id": "2010798424",
        "operator_id": "1993247011",
        "date": "2024-11-03 12:51:12"
    },
    {
        "user_id": "3010206915",
        "operator_id": "3196837020",
        "date": "2024-11-03 13:32:07"
    },
    {
        "user_id": "2634496513",
        "operator_id": "3010206915",
        "date": "2024-11-03 13:33:22"
    },
    {
        "user_id": "3020835655",
        "operator_id": "3010206915",
        "date": "2024-11-03 13:36:51"
    },
    {
        "user_id": "1703734770",
        "operator_id": "2860355093",
        "date": "2024-11-03 14:08:14"
    },
    {
        "user_id": "861984269",
        "operator_id": "3196837020",
        "date": "2024-11-03 16:19:59"
    },
    {
        "user_id": "3295561990",
        "operator_id": "3946496647",
        "date": "2024-11-03 18:58:50"
    },
    {
        "user_id": "3231777392",
        "operator_id": "3196837020",
        "date": "2024-11-04 00:14:31"
    },
    {
        "user_id": "2693412008",
        "operator_id": "2015746388",
        "date": "2024-11-04 00:14:52"
    },
    {
        "user_id": "161392018",
        "operator_id": "2015746388",
        "date": "2024-11-04 21:47:56"
    },
    {
        "user_id": "1957803435",
        "operator_id": "2015746388",
        "date": "2024-11-05 22:14:33"
    },
    {
        "user_id": "2145373672",
        "operator_id": "2860355093",
        "date": "2024-11-05 22:59:25"
    },
    {
        "user_id": "2889931183",
        "operator_id": "169852119",
        "date": "2024-11-06 21:49:49"
    },
    {
        "user_id": "3347736423",
        "operator_id": "2889931183",
        "date": "2024-11-07 21:06:45"
    },
    {
        "user_id": "496704084",
        "operator_id": "2015746388",
        "date": "2024-11-07 23:03:31"
    },
    {
        "user_id": "3360048160",
        "operator_id": "2015746388",
        "date": "2024-11-08 19:33:33"
    },
    {
        "user_id": "3079244719",
        "operator_id": "3895388310",
        "date": "2024-11-10 21:04:42"
    },
    {
        "user_id": "3107980974",
        "operator_id": "2631145614",
        "date": "2024-11-11 12:06:07"
    },
    {
        "user_id": "3836339713",
        "operator_id": "3895388310",
        "date": "2024-11-11 18:19:24"
    },
    {
        "user_id": "3512564592",
        "operator_id": "2889931183",
        "date": "2024-11-12 22:09:32"
    },
    {
        "user_id": "1935795950",
        "operator_id": "3895388310",
        "date": "2024-11-13 03:53:10"
    },
    {
        "user_id": "2170502949",
        "operator_id": "2889931183",
        "date": "2024-11-13 21:01:12"
    },
    {
        "user_id": "2960474213",
        "operator_id": "3895388310",
        "date": "2024-11-13 23:17:58"
    },
    {
        "user_id": "3553639267",
        "operator_id": "3895388310",
        "date": "2024-11-15 01:24:18"
    },
    {
        "user_id": "287466170",
        "operator_id": "2841889964",
        "date": "2024-11-17 22:03:26"
    },
    {
        "user_id": "1217924778",
        "operator_id": "1774084784",
        "date": "2024-11-21 14:11:40"
    },
    {
        "user_id": "2284379946",
        "operator_id": "2662195338",
        "date": "2024-11-22 22:16:13"
    },
    {
        "user_id": "1259329255",
        "operator_id": "2542905785",
        "date": "2024-12-01 12:46:10"
    },
    {
        "user_id": "3068505501",
        "operator_id": "1655969806",
        "date": "2024-12-01 16:57:02"
    },
    {
        "user_id": "1434572480",
        "operator_id": "2542905785",
        "date": "2025-02-16 11:56:19"
    },
    {
        "user_id": "3004147619",
        "operator_id": "3888931652",
        "date": "2025-02-21 03:27:46"
    },
    {
        "user_id": "3883925405",
        "operator_id": "3888931652",
        "date": "2025-02-21 14:40:42"
    }
]