[
    {
        "user_id": "2167804104",
        "operator_id": "1612540763",
        "date": "2024-08-04 12:27:44"
    },
    {
        "user_id": "2993482892",
        "operator_id": "2769731875",
        "date": "2024-08-04 21:54:27"
    },
    {
        "user_id": "2435379580",
        "operator_id": "2769731875",
        "date": "2024-08-04 21:58:54"
    },
    {
        "user_id": "3382067528",
        "operator_id": "2769731875",
        "date": "2024-08-04 22:50:19"
    },
    {
        "user_id": "2735446096",
        "operator_id": "2769731875",
        "date": "2024-08-05 07:46:14"
    },
    {
        "user_id": "694899554",
        "operator_id": "2769731875",
        "date": "2024-08-05 07:57:02"
    },
    {
        "user_id": "2658504429",
        "operator_id": "1930404524",
        "date": "2024-08-05 10:01:35"
    },
    {
        "user_id": "2594273797",
        "operator_id": "1536875099",
        "date": "2024-08-05 12:27:26"
    },
    {
        "user_id": "482548878",
        "operator_id": "2769731875",
        "date": "2024-08-05 12:54:45"
    }
]