[
    {
        "user_id": "2322114693",
        "operator_id": "1074337839",
        "date": "2024-08-03 19:31:04"
    },
    {
        "user_id": "1227455571",
        "operator_id": "1074337839",
        "date": "2024-08-03 20:42:07"
    },
    {
        "user_id": "1924785745",
        "operator_id": "1044420589",
        "date": "2024-08-04 09:30:59"
    },
    {
        "user_id": "2927671386",
        "operator_id": "1145701308",
        "date": "2024-08-05 14:19:12"
    },
    {
        "user_id": "3200850080",
        "operator_id": "1145701308",
        "date": "2024-08-05 14:19:13"
    },
    {
        "user_id": "860596107",
        "operator_id": "1145701308",
        "date": "2024-08-05 17:22:44"
    },
    {
        "user_id": "3973015882",
        "operator_id": "1074337839",
        "date": "2024-08-05 23:54:21"
    },
    {
        "user_id": "3794965039",
        "operator_id": "1074337839",
        "date": "2024-08-06 16:14:38"
    },
    {
        "user_id": "2412591302",
        "operator_id": "1044420589",
        "date": "2024-08-07 10:07:05"
    },
    {
        "user_id": "2590816647",
        "operator_id": "1074337839",
        "date": "2024-08-07 14:37:51"
    },
    {
        "user_id": "2590816647",
        "operator_id": "1074337839",
        "date": "2024-08-07 14:37:51"
    },
    {
        "user_id": "1010408489",
        "operator_id": "1145701308",
        "date": "2024-08-07 14:50:21"
    },
    {
        "user_id": "3940268454",
        "operator_id": "1074337839",
        "date": "2024-08-07 22:44:30"
    },
    {
        "user_id": "2761408135",
        "operator_id": "1145701308",
        "date": "2024-08-08 20:34:46"
    },
    {
        "user_id": "1900456642",
        "operator_id": "1145701308",
        "date": "2024-08-08 20:34:47"
    },
    {
        "user_id": "3463708429",
        "operator_id": "1145701308",
        "date": "2024-08-08 20:34:49"
    },
    {
        "user_id": "2278316058",
        "operator_id": "1145701308",
        "date": "2024-08-08 20:34:49"
    },
    {
        "user_id": "2025585010",
        "operator_id": "1044420589",
        "date": "2024-08-09 09:56:01"
    },
    {
        "user_id": "3059746581",
        "operator_id": "1044420589",
        "date": "2024-08-09 18:27:05"
    },
    {
        "user_id": "2902284437",
        "operator_id": "2769731875",
        "date": "2024-08-09 21:43:17"
    },
    {
        "user_id": "3433769055",
        "operator_id": "1074337839",
        "date": "2024-08-10 11:23:49"
    },
    {
        "user_id": "3302806476",
        "operator_id": "1044420589",
        "date": "2024-08-11 16:39:15"
    },
    {
        "user_id": "2468490027",
        "operator_id": "2590816647",
        "date": "2024-08-11 22:44:58"
    },
    {
        "user_id": "3051564818",
        "operator_id": "1938382467",
        "date": "2024-08-17 11:27:20"
    },
    {
        "user_id": "2931746050",
        "operator_id": "1938382467",
        "date": "2024-08-19 10:41:51"
    },
    {
        "user_id": "954332724",
        "operator_id": "1074337839",
        "date": "2024-08-20 16:12:23"
    },
    {
        "user_id": "480950571",
        "operator_id": "1044420589",
        "date": "2024-08-21 00:13:35"
    },
    {
        "user_id": "2691486480",
        "operator_id": "1044420589",
        "date": "2024-08-23 15:58:13"
    },
    {
        "user_id": "2486398341",
        "operator_id": "1044420589",
        "date": "2024-08-23 15:58:19"
    },
    {
        "user_id": "3250823143",
        "operator_id": "1044420589",
        "date": "2024-08-23 15:58:30"
    },
    {
        "user_id": "663191775",
        "operator_id": "1044420589",
        "date": "2024-08-24 13:21:02"
    }
]