[
    {
        "keyword": "选课指北",
        "question": {
            "选课指北密码": "Welcome_to_Easy-QFNU_and_QFNU",
            "选课指北地址": "https://easy-qfnu.top/Easy-SelectCourse/",
            "培养方案": "曲阜师范大学培养方案https://easy-qfnu.top/Easy-SelectCourse/Curriculum/"
        }
    },
    {
        "keyword": "骑车",
        "question": {
            "能骑车吗": "本科生不能骑车，自行车电动车都不可以，校内出行有宝宝巴士，六毛一次"
        }
    },
    {
        "keyword": "社团",
        "question": {
            "社团加综测分吗": "进社团不加分，社团有些获奖证书可以加分。大部分社团会有10元的会费（想加社团的同学可以关注后续的社团纳新及“百团大战”）。社团没有加入限制，自己喜欢的社团大家都可以加入。"
        }
    },
    {
        "keyword": "空调",
        "question": {
            "教室有空调吗": "新校区教室空调全覆盖，老校区部分教室也有空调。",
            "宿舍有空调吗": "包有的"
        }
    },
    {
        "keyword": "银行卡",
        "question": {
            "银行卡开学前能激活吗": "可以激活"
        }
    },
    {
        "keyword": "床铺",
        "question": {
            "床垫规格": "新生手册是195×90，自己买建议200x90"
        }
    },
    {
        "keyword": "快递",
        "question": {
            "有啥快递点": "1.菜鸟驿站（校内），一个位于曲阜师范大学百意超市内，进入超市后一直往北走离开超市，就可以看到，需要在淘宝上查找自己的身份码（可代取）后，并跟快递包裹上的二维码放在扫描的机器上后，才可取出；另一个是西公寓的菜鸟驿站，位于西公寓餐厅的南边路东，也就是西公寓2号楼。\n\n2.菜鸟驿站（校外），一个位于曲阜师范大学老校区北门外西100米，位于街道北边；另一个在曲阜师范大学老校区北门外100米，街道北边\n\n3.顺丰快递，顺丰快递在曲阜师范大学百意超市南门东临，取快递的时候要记得告诉快递员取件码\n\n4.京东快递，京东快递位于曲阜师范大学老校区北门西88米京东快递营业部，需要告诉快递员取件码（不能自己进去找）\n\n5.曲师大新校区菜鸟驿站，位于曲阜师范大学新校区北门东60米热火烧烤附近\n\n6.邮政速递,邮政速递位于曲阜师范大学东门校内中国邮政储蓄银行2左侧过道，取件的时候输入取件码就可以\n\n内容来自知新校园"
        }
    },
    {
        "keyword": "食堂",
        "question": {
            "曲阜有几个食堂": "曲阜校区有7个餐厅，分别是第二餐厅、第三餐厅（旁边还一个民族餐厅）、教职工餐厅、西公寓餐厅、博雅餐厅以及西校区的齐风餐厅、鲁颂餐厅。在教职工餐厅旁边还有一个叫做 曲园味道学林餐厅。教餐和二餐一楼都在装修 开学应该能用\n\n内容来自知新校园"
        }
    },
    {
        "keyword": "餐厅",
        "question": {
            "曲阜有几个食堂": "曲阜校区有7个餐厅，分别是第二餐厅、第三餐厅（旁边还一个民族餐厅）、教职工餐厅、西公寓餐厅、博雅餐厅以及西校区的齐风餐厅、鲁颂餐厅。在教职工餐厅旁边还有一个叫做 曲园味道学林餐厅。教餐和二餐一楼都在装修 开学应该能用\n\n内容来自知新校园"
        }
    },
    {
        "keyword": "生活费",
        "question": {
            "生活费一个月大概多少": "视个人情况而定，学生月消费一般在1000-1500元左右。\n\n内容来自知新校园"
        }
    },
    {
        "keyword": "宿舍",
        "question": {
            "宿舍位置怎么看": "在智慧曲园，临近开学时可以查到\n\n内容来自知新校园",
            "宿舍每个桌子都有插座吗": "都有",
            "宿舍床位怎么分配": "一般床位是谁去了谁先选，极少数是学院分配好的（已知化院是分配的），具体看学院安排",
            "宿舍几人一间": "一般六人间，很少有四人间",
            "宿舍床多大": "新生手册是195×90"
        }
    },
    {
        "keyword": "贫困生",
        "question": {
            "贫困生助学金怎么申请": "经济困难学生的认定工作每学年一次，一般在10月份启动，学生填写《高等学校家庭经济困难学生认定申请表》，并提交《高等学校学生及家庭情况调查表》及相关证明材料。经学生辅导员、学生代表等组成的认定评议小组认真评议，依据相关的人数比例，确定本年级各档次的家庭经济困难学生资格，报学院认定工作组审核。\n\n内容来自知新校园"
        }
    },
    {
        "keyword": "助学金",
        "question": {
            "贫困生助学金怎么申请": "经济困难学生的认定工作每学年一次，一般在10月份启动，学生填写《高等学校家庭经济困难学生认定申请表》，并提交《高等学校学生及家庭情况调查表》及相关证明材料。经学生辅导员、学生代表等组成的认定评议小组认真评议，依据相关的人数比例，确定本年级各档次的家庭经济困难学生资格，报学院认定工作组审核。\n\n内容来自知新校园"
        }
    },
    {
        "keyword": "团关系",
        "question": {
            "团关系转接流程": "团关系转接需要等团支书下通知之后转，一般是开学之后才进行，没开学前自己不用管"
        }
    },
    {
        "keyword": "校历",
        "question": {
            "校历": "&#91;CQ:image,file=https://pic4.zhimg.com/80/v2-3fd1060cd5ee4bd56c6a8b87fa690a2b_1440w.webp&#93;"
        }
    },
    {
        "keyword": "公选课",
        "question": {
            "公选课选多少": "一般是大于等于2分，24级可能会有政策变化（大于等于3分），具体要看各专业的培养方案"
        }
    },
    {
        "keyword": "地图",
        "question": {
            "日照校区地图": "&#91;CQ:image,file=https://pic4.zhimg.com/80/v2-93a5aad41f90f91d7790792a2a1cd44b_720w.webp&#93;",
            "全部地图": "曲阜日照全部地图请看这：https://easy-qfnu.top/Easy-School/Map/"
        }
    },
    {
        "keyword": "智慧曲园",
        "question": {
            "智慧曲园下载地址": "Easy-QFNU更新了关于智慧曲园的下载链接，详情请看\nhttps://easy-qfnu.top/Easy-School/Smart-Quyuan/\n\n现在你有三种方法可以下载\n1.群文件的压缩包\n2.网站的百度网盘链接\n3.网站的123网盘链接\n\n考虑到百度网盘的吃相比较难看，非SVIP限速，所以做了123网盘分流，123网盘支持浏览器下载无需客户端，不限速（123打钱！）",
            "智慧曲园登不上怎么办": "账号试试高考考号、学号。确认密码对不对，密码   ：QFnu➕身份证后六位➕@。尤其是！大小写！@符号！"
        }
    },
    {
        "keyword": "卷卷1234",
        "question": {
            "谢谢卷卷": "不客气喵~",
            "傻子卷": "你再骂！😠😠😠"
        }
    },
    {
        "keyword": "军训",
        "question": {
            "写军训心得吗": "不用,有文职连专门写的",
            "军训服有必要两套吗": "最多订一套，一晚上差不多干了，也可以用宿舍里的公共吹风机吹吹",
            "军训袜子": "要长袜，一般是纯黑，不能有其他花色其他颜色其他样式",
            "军训多久": "一般两周，有特殊情况以实际为准"
        }
    },
    {
        "keyword": "报道",
        "question": {
            "大一需要网上报道": "需要在网上进行报到，下载云上曲园",
            "网上报道才分班吗": "专业的话，等你开学报道的时候就知道自己是几班了，有的专业人少，一共也就一个班，人多的好几个班",
            "报道流程走完要多久": "一上午差不多"
        }
    },
    {
        "keyword": "开学考",
        "question": {
            "开学考英语吗": "以往有考的有不考的，具体听学校统一安排"
        }
    },
    {
        "keyword": "考试",
        "question": {
            "开学考英语吗": "以往有考的有不考的，具体听学校统一安排"
        }
    },
    {
        "keyword": "考英语吗",
        "question": {
            "开学考英语吗": "以往有考的有不考的，具体听学校统一安排"
        }
    },
    {
        "keyword": "证件照",
        "question": {
            "证件照需要几寸": "可以先存好电子版，到时候需要几寸就去打印，也可以一二寸都打方便备用"
        }
    },
    {
        "keyword": "分班",
        "question": {
            "什么时候分班": "专业的话，等你开学报道的时候就知道自己是几班了，有的专业人少，一共也就一个班，人多的好几个班"
        }
    },
    {
        "keyword": "床多大",
        "question": {
            "床垫规格": "新生手册是195×90"
        }
    },
    {
        "keyword": "缴费",
        "question": {
            "用啥缴费": "不必须用银行卡，微信也行"
        }
    },
    {
        "keyword": "登不上",
        "question": {
            "智慧曲园登不上怎么办": "登不上耐心等待，信息还没导入，预计24号前完成工作"
        }
    },
    {
        "keyword": "密码",
        "question": {
            "密码": "W31(C)0m3_+0_3@$y-QFNU_@Nd_QFNU"
        }
    },
    {
        "keyword": "鉴赏课",
        "question": {
            "鉴赏课选几个": "看自己的培养方案，有些专业不需要选鉴赏课，也有些专业需要修够2学分[CQ:face,id=319]",
            "培养方案里面没有鉴赏课还选吗": "以培养方案为准，没有就不用选，（比如汉语言是没有的：他们培养方案写的是文化艺术课组->大学IT、大学外语系列课程）"
        }
    },
    {
        "keyword": "在哪个模块",
        "question": {
            "在哪个板块": "这个不一定，每个专业，每个学年它都会有变化，你这个其实你就可以完全当随机的到时候一个找不着的换着接着找"
        }
    },
    {
        "keyword": "在哪个板块",
        "question": {
            "在哪个板块": "这个不一定，每个专业，每个学年它都会有变化，你这个其实你就可以完全当随机的到时候一个找不着的换着接着找"
        }
    },
    {
        "keyword": "培养方案",
        "question": {
            "教务处培养方案": "https://jwc.qfnu.edu.cn/info/1068/1771.htm#/",
            "24级教务处培养方案模板": "这个是教务处发布的2024级培养方案编排模板，不是最终培养方案成品，仅作参考https://jwc.qfnu.edu.cn/info/1068/7039.htm#/"
        }
    },
    {
        "keyword": "教务系统",
        "question": {
            "教务系统地址": "https://jwc.qfnu.edu.cn/info/1103/2292.htm#/"
        }
    },
    {
        "keyword": "学生手册",
        "question": {
            "学生手册": "https://jwc.qfnu.edu.cn/info/1185/6232.htm"
        }
    },
    {
        "keyword": "英语",
        "question": {
            "如何换植入的英语": "联系本院教务老师，说明原因"
        }
    },
    {
        "keyword": "退课",
        "question": {
            "会被退课吗": "人很少开不起来就会容易被退课"
        }
    },
    {
        "keyword": "教育学基础",
        "question": {
            "教育学基础怎么期末": "第13周考试，教考分离"
        }
    }
]