[
    {
        "keyword": "校历",
        "question": {
            "校历": "&#91;CQ:image,file=https://pic4.zhimg.com/80/v2-3fd1060cd5ee4bd56c6a8b87fa690a2b_1440w.webp&#93;"
        }
    },
    {
        "keyword": "作息时间表",
        "question": {
            "作息时间表": "https://jwc.qfnu.edu.cn/info/1104/4345.htm"
        }
    },
    {
        "keyword": "博客",
        "question": {
            "G神博客": "https://giantgkl.xyz",
            "k神博客": "https://kiki1e.github.io/link/",
            "兵哥博客": "http://xiaowaaa.asia/#/",
            "严哥博客": "http://blog.chi11i.fun/"
        }
    }
]