{
    "7966": "花园花玲",
    "696948746": "仙客Cc",
    "401742377": "原神",
    "353423217": "我是一只爱学习的狗-_-",
    "289837226": "Giant_GKL",
    "1131457022": "人民日报",
    "478608619": "大圆哥_",
    "13917857": "这名字牛啊",
    "33775467": "人民网",
    "498957850": "勇敢哥特",
    "123": "莫眠俱乐部",
    "1": "bishi",
    "31832612": "灰太狼办公室",
    "1340190821": "崩坏星穹铁道",
    "456664753": "央视新闻",
    "274459325": "方山厨子"
}