[
    "校园.*墙",
    "刷单",
    "押金",
    "兼职",
    "录稿子",
    "短期工",
    "名额有限",
    "赚米",
    "群满了就进不去了",
    "错过通知",
    "大一必备.*墙",
    "已报备.*请勿撤回",
    "重要通知",
    "PS修图",
    "PR剪辑",
    "AE设计",
    "英语等级",
    "ppt模板",
    "板绘直播教学",
    "qq群",
    "2024迎新生交流总群",
    "通知书发放通知",
    "新生开学指导",
    "技能辅助",
    "考试信息发布",
    "不得发布或交流与学习无关的内容",
    "作废",
    "即将解散",
    "新生军训通知",
    "邮寄地址",
    "开学时间",
    "转换专业",
    "新生开学报到",
    "开学事项",
    "转移",
    "表白墙",
    "1771082596",
    "大一新生咨询墙",
    "943849494",
    "3360401054",
    "领取一份大学生必备资料",
    "事宜通知群",
    "错过重要信息造成遗漏",
    "995386723",
    "此群作废",
    "所有人转移到老师刚建的新群",
    "914941760",
    "以免后期遗漏对自己造成影响",
    "985859017",
    "2692263943",
    "临工",
    "长短期",
    "包车",
    "抓紧时间加一下",
    "优惠正版书籍",
    "考研备考总群",
    "考研交流.*群",
    "24年准新生还没加.*墙",
    "超值好物",
    "学校半价超市",
    "校园特惠超市",
    "校园墙",
    "梯子",
    "解散",
    "作废",
    "VPN",
    "vpn",
    "翻墙",
    "邀请",
    "腾讯频道.*邀请你加入",
    "抓紧进一下",
    "勤工助力",
    "可以做一做",
    "赚一点生活费.*非常简单",
    "稳赚",
    "{\"app\":\"com.tencent.multimsg\",\"config\":{\"autosize\":1,\"forward\":1,\"round\":1,\"type\":\"normal\",\"width\":300},\"extra\":\"{\\\"tsum\\\":1}\",\"meta\":{\"detail\":{\"news\":&#91;{\"text\":\"⭕️微信每天稳赚500...:  &#91;图片&#93; 新台子现在新用户首冲100送50  视频教程打不…\"}&#93;,\"resid\":\"eGbRK/pkpipUCT0XdHHNf5ClDeXAZzjET+D3rVKln82nomBmoZWy3YJNH9uVY4Rq\",\"source\":\"⭕️微信每天稳赚500-800的聊天记录\",\"summary\":\"查看1条转发消息\",\"uniseq\":\"7452737831327924870\"}},\"prompt\":\"&#91;聊天记录&#93;\",\"ver\":\"0.0.0.5\",\"view\":\"contact\"}",
    "转发消息.*聊天记录",
    "勿扰",
    "wx",
    "➕我wx",
    "🉑🌙",
    "🌙"
]