[
    {
        "keyword": "关键词",
        "question": {
            "问题": "答案"
        }
    },
    {
        "keyword": "测试关键词1",
        "question": {
            "测试问题1": "测试答案1"
        }
    },
    {
        "keyword": "测试关键词2",
        "question": {
            "测试问题2": "测试答案2"
        }
    },
    {
        "keyword": "测试关键词3",
        "question": {
            "测试问题3": "测试答案3"
        }
    }
]